original_url,host,path,capture_timestamp,wayback_id_url,http_status,bytes,kind,saved_path,markdown_path,assets_saved,status,error
https://docs.kscale.dev/,docs.kscale.dev,/,20251118052744,https://web.archive.org/web/20251118052744id_/https://docs.kscale.dev/,200,4013,thin,docs.kscale.dev/index.html,docs.kscale.dev/index.md,1,ok,
https://docs.kscale.dev/docs/bill-of-materials-bom,docs.kscale.dev,/docs/bill-of-materials-bom,20250910193423,https://web.archive.org/web/20250910193423id_/https://docs.kscale.dev/docs/bill-of-materials-bom,200,140954,article,docs.kscale.dev/docs/bill-of-materials-bom/index.html,docs.kscale.dev/docs/bill-of-materials-bom/index.md,2,ok,
https://docs.kscale.dev/robots/zeroth-01/bom/,docs.kscale.dev,/robots/zeroth-01/bom,20251014093628,https://web.archive.org/web/20251014093628id_/https://docs.kscale.dev/robots/zeroth-01/bom/,200,21375,article,docs.kscale.dev/robots/zeroth-01/bom/index.html,docs.kscale.dev/robots/zeroth-01/bom/index.md,0,ok,
https://docs.kscale.dev/actuators/intro,docs.kscale.dev,/actuators/intro,20241111163107,https://web.archive.org/web/20241111163107id_/https://docs.kscale.dev/actuators/intro,200,67300,article,docs.kscale.dev/actuators/intro/index.html,docs.kscale.dev/actuators/intro/index.md,0,ok,
https://docs.kscale.dev/actuators/robstride,docs.kscale.dev,/actuators/robstride,20241111170309,https://web.archive.org/web/20241111170309id_/https://docs.kscale.dev/actuators/robstride,200,85790,article,docs.kscale.dev/actuators/robstride/index.html,docs.kscale.dev/actuators/robstride/index.md,0,ok,
https://docs.kscale.dev/build_guide/intro,docs.kscale.dev,/build_guide/intro,20241111180027,https://web.archive.org/web/20241111180027id_/https://docs.kscale.dev/build_guide/intro,200,48899,thin,docs.kscale.dev/build_guide/intro/index.html,docs.kscale.dev/build_guide/intro/index.md,0,ok,
https://docs.kscale.dev/category/k-bot/,docs.kscale.dev,/category/k-bot,20251014093718,https://web.archive.org/web/20251014093718id_/https://docs.kscale.dev/category/k-bot/,200,19111,article,docs.kscale.dev/category/k-bot/index.html,docs.kscale.dev/category/k-bot/index.md,0,ok,
https://docs.kscale.dev/category/robots/,docs.kscale.dev,/category/robots,20251014094154,https://web.archive.org/web/20251014094154id_/https://docs.kscale.dev/category/robots/,200,13178,thin,docs.kscale.dev/category/robots/index.html,docs.kscale.dev/category/robots/index.md,0,ok,
https://docs.kscale.dev/category/zeroth-01/,docs.kscale.dev,/category/zeroth-01,20251109004747,https://web.archive.org/web/20251109004747id_/https://docs.kscale.dev/category/zeroth-01/,200,14522,thin,docs.kscale.dev/category/zeroth-01/index.html,docs.kscale.dev/category/zeroth-01/index.md,0,ok,
https://docs.kscale.dev/components/cameras,docs.kscale.dev,/components/cameras,20241111171549,https://web.archive.org/web/20241111171549id_/https://docs.kscale.dev/components/cameras,200,71717,article,docs.kscale.dev/components/cameras/index.html,docs.kscale.dev/components/cameras/index.md,0,ok,
https://docs.kscale.dev/components/imu,docs.kscale.dev,/components/imu,20241111165915,https://web.archive.org/web/20241111165915id_/https://docs.kscale.dev/components/imu,200,49825,article,docs.kscale.dev/components/imu/index.html,docs.kscale.dev/components/imu/index.md,0,ok,
https://docs.kscale.dev/components/lcd,docs.kscale.dev,/components/lcd,20241111171636,https://web.archive.org/web/20241111171636id_/https://docs.kscale.dev/components/lcd,200,84008,article,docs.kscale.dev/components/lcd/index.html,docs.kscale.dev/components/lcd/index.md,0,ok,
https://docs.kscale.dev/components/mcu,docs.kscale.dev,/components/mcu,20241111170543,https://web.archive.org/web/20241111170543id_/https://docs.kscale.dev/components/mcu,200,50171,thin,docs.kscale.dev/components/mcu/index.html,docs.kscale.dev/components/mcu/index.md,0,ok,
https://docs.kscale.dev/components/microphone,docs.kscale.dev,/components/microphone,20241111155956,https://web.archive.org/web/20241111155956id_/https://docs.kscale.dev/components/microphone,200,78142,article,docs.kscale.dev/components/microphone/index.html,docs.kscale.dev/components/microphone/index.md,0,ok,
https://docs.kscale.dev/components/motor_control,docs.kscale.dev,/components/motor_control,20241111164837,https://web.archive.org/web/20241111164837id_/https://docs.kscale.dev/components/motor_control,200,54339,article,docs.kscale.dev/components/motor_control/index.html,docs.kscale.dev/components/motor_control/index.md,0,ok,
https://docs.kscale.dev/components/speaker,docs.kscale.dev,/components/speaker,20241111172002,https://web.archive.org/web/20241111172002id_/https://docs.kscale.dev/components/speaker,200,67701,article,docs.kscale.dev/components/speaker/index.html,docs.kscale.dev/components/speaker/index.md,0,ok,
https://docs.kscale.dev/docs/actuator-package,docs.kscale.dev,/docs/actuator-package,20250213224240,https://web.archive.org/web/20250213224240id_/https://docs.kscale.dev/docs/actuator-package,200,114516,shell,docs.kscale.dev/docs/actuator-package/index.html,docs.kscale.dev/docs/actuator-package/index.md,0,ok,
https://docs.kscale.dev/docs/build-and-test-skills,docs.kscale.dev,/docs/build-and-test-skills,20250213225834,https://web.archive.org/web/20250213225834id_/https://docs.kscale.dev/docs/build-and-test-skills,200,110013,shell,docs.kscale.dev/docs/build-and-test-skills/index.html,docs.kscale.dev/docs/build-and-test-skills/index.md,0,ok,
https://docs.kscale.dev/docs/cad,docs.kscale.dev,/docs/cad,20250910202938,https://web.archive.org/web/20250910202938id_/https://docs.kscale.dev/docs/cad,200,107668,shell,docs.kscale.dev/docs/cad/index.html,docs.kscale.dev/docs/cad/index.md,2,ok,
https://docs.kscale.dev/docs/electronic-components,docs.kscale.dev,/docs/electronic-components,20250621013054,https://web.archive.org/web/20250621013054id_/https://docs.kscale.dev/docs/electronic-components,200,112381,shell,docs.kscale.dev/docs/electronic-components/index.html,docs.kscale.dev/docs/electronic-components/index.md,2,ok,
https://docs.kscale.dev/docs/first-steps-with-robot,docs.kscale.dev,/docs/first-steps-with-robot,20250129003147,https://web.archive.org/web/20250129003147id_/https://docs.kscale.dev/docs/first-steps-with-robot,200,103567,shell,docs.kscale.dev/docs/first-steps-with-robot/index.html,docs.kscale.dev/docs/first-steps-with-robot/index.md,0,ok,
https://docs.kscale.dev/docs/flashing-z-bot,docs.kscale.dev,/docs/flashing-z-bot,20250517184037,https://web.archive.org/web/20250517184037id_/https://docs.kscale.dev/docs/flashing-z-bot,200,142404,shell,docs.kscale.dev/docs/flashing-z-bot/index.html,docs.kscale.dev/docs/flashing-z-bot/index.md,5,ok,
https://docs.kscale.dev/docs/hardware-overview,docs.kscale.dev,/docs/hardware-overview,20250213232805,https://web.archive.org/web/20250213232805id_/https://docs.kscale.dev/docs/hardware-overview,200,103121,shell,docs.kscale.dev/docs/hardware-overview/index.html,docs.kscale.dev/docs/hardware-overview/index.md,1,ok,
https://docs.kscale.dev/docs/how-to-zero,docs.kscale.dev,/docs/how-to-zero,20250213224837,https://web.archive.org/web/20250213224837id_/https://docs.kscale.dev/docs/how-to-zero,200,105001,shell,docs.kscale.dev/docs/how-to-zero/index.html,docs.kscale.dev/docs/how-to-zero/index.md,0,ok,
https://docs.kscale.dev/docs/imu,docs.kscale.dev,/docs/imu,20250213222533,https://web.archive.org/web/20250213222533id_/https://docs.kscale.dev/docs/imu,200,99888,shell,docs.kscale.dev/docs/imu/index.html,docs.kscale.dev/docs/imu/index.md,0,ok,
https://docs.kscale.dev/docs/k-bot-kos-quick-start,docs.kscale.dev,/docs/k-bot-kos-quick-start,20250303194901,https://web.archive.org/web/20250303194901id_/https://docs.kscale.dev/docs/k-bot-kos-quick-start,200,121389,shell,docs.kscale.dev/docs/k-bot-kos-quick-start/index.html,docs.kscale.dev/docs/k-bot-kos-quick-start/index.md,0,ok,
https://docs.kscale.dev/docs/k-bot-modular-head,docs.kscale.dev,/docs/k-bot-modular-head,20250910194440,https://web.archive.org/web/20250910194440id_/https://docs.kscale.dev/docs/k-bot-modular-head,200,115213,shell,docs.kscale.dev/docs/k-bot-modular-head/index.html,docs.kscale.dev/docs/k-bot-modular-head/index.md,2,ok,
https://docs.kscale.dev/docs/k-bot-motor-id-mapping,docs.kscale.dev,/docs/k-bot-motor-id-mapping,20250621013800,https://web.archive.org/web/20250621013800id_/https://docs.kscale.dev/docs/k-bot-motor-id-mapping,200,106064,shell,docs.kscale.dev/docs/k-bot-motor-id-mapping/index.html,docs.kscale.dev/docs/k-bot-motor-id-mapping/index.md,1,ok,
https://docs.kscale.dev/docs/kbot,docs.kscale.dev,/docs/kbot,20250910195004,https://web.archive.org/web/20250910195004id_/https://docs.kscale.dev/docs/kbot,200,110961,shell,docs.kscale.dev/docs/kbot/index.html,docs.kscale.dev/docs/kbot/index.md,3,ok,
https://docs.kscale.dev/docs/print-guide,docs.kscale.dev,/docs/print-guide,20250910213330,https://web.archive.org/web/20250910213330id_/https://docs.kscale.dev/docs/print-guide,200,150665,shell,docs.kscale.dev/docs/print-guide/index.html,docs.kscale.dev/docs/print-guide/index.md,17,ok,
https://docs.kscale.dev/docs/pykos-actuator-example-usage,docs.kscale.dev,/docs/pykos-actuator-example-usage,20250621023418,https://web.archive.org/web/20250621023418id_/https://docs.kscale.dev/docs/pykos-actuator-example-usage,200,117589,article,docs.kscale.dev/docs/pykos-actuator-example-usage/index.html,docs.kscale.dev/docs/pykos-actuator-example-usage/index.md,0,ok,
https://docs.kscale.dev/docs/robot-overview,docs.kscale.dev,/docs/robot-overview,20250213231440,https://web.archive.org/web/20250213231440id_/https://docs.kscale.dev/docs/robot-overview,200,118240,shell,docs.kscale.dev/docs/robot-overview/index.html,docs.kscale.dev/docs/robot-overview/index.md,1,ok,
https://docs.kscale.dev/docs/simulate,docs.kscale.dev,/docs/simulate,20250910203909,https://web.archive.org/web/20250910203909id_/https://docs.kscale.dev/docs/simulate,200,111644,shell,docs.kscale.dev/docs/simulate/index.html,docs.kscale.dev/docs/simulate/index.md,1,ok,
https://docs.kscale.dev/docs/zeroth-01,docs.kscale.dev,/docs/zeroth-01,20250704023539,https://web.archive.org/web/20250704023539id_/https://docs.kscale.dev/docs/zeroth-01,200,111894,shell,docs.kscale.dev/docs/zeroth-01/index.html,docs.kscale.dev/docs/zeroth-01/index.md,0,ok,
https://docs.kscale.dev/docs/zeroth-bot,docs.kscale.dev,/docs/zeroth-bot,20250703175139,https://web.archive.org/web/20250703175139id_/https://docs.kscale.dev/docs/zeroth-bot,200,117722,shell,docs.kscale.dev/docs/zeroth-bot/index.html,docs.kscale.dev/docs/zeroth-bot/index.md,2,ok,
https://docs.kscale.dev/docs/zeroth-bot-01,docs.kscale.dev,/docs/zeroth-bot-01,20250518235727,https://web.archive.org/web/20250518235727id_/https://docs.kscale.dev/docs/zeroth-bot-01,200,132644,shell,docs.kscale.dev/docs/zeroth-bot-01/index.html,docs.kscale.dev/docs/zeroth-bot-01/index.md,0,ok,
https://docs.kscale.dev/hardware/build/build,docs.kscale.dev,/hardware/build/build,20241014231658,https://web.archive.org/web/20241014231658id_/https://docs.kscale.dev/hardware/build/build,200,51648,thin,docs.kscale.dev/hardware/build/build/index.html,docs.kscale.dev/hardware/build/build/index.md,0,ok,
https://docs.kscale.dev/hardware/build/cad,docs.kscale.dev,/hardware/build/cad,20241015005518,https://web.archive.org/web/20241015005518id_/https://docs.kscale.dev/hardware/build/cad,200,51616,thin,docs.kscale.dev/hardware/build/cad/index.html,docs.kscale.dev/hardware/build/cad/index.md,0,ok,
https://docs.kscale.dev/hardware/build/firmware,docs.kscale.dev,/hardware/build/firmware,20241015004438,https://web.archive.org/web/20241015004438id_/https://docs.kscale.dev/hardware/build/firmware,200,51693,thin,docs.kscale.dev/hardware/build/firmware/index.html,docs.kscale.dev/hardware/build/firmware/index.md,0,ok,
https://docs.kscale.dev/hardware/build/intro,docs.kscale.dev,/hardware/build/intro,20241015005056,https://web.archive.org/web/20241015005056id_/https://docs.kscale.dev/hardware/build/intro,200,52283,article,docs.kscale.dev/hardware/build/intro/index.html,docs.kscale.dev/hardware/build/intro/index.md,0,ok,
https://docs.kscale.dev/hardware/build/simulate,docs.kscale.dev,/hardware/build/simulate,20241014232747,https://web.archive.org/web/20241014232747id_/https://docs.kscale.dev/hardware/build/simulate,200,51751,thin,docs.kscale.dev/hardware/build/simulate/index.html,docs.kscale.dev/hardware/build/simulate/index.md,0,ok,
https://docs.kscale.dev/hardware/build/use,docs.kscale.dev,/hardware/build/use,20241015010035,https://web.archive.org/web/20241015010035id_/https://docs.kscale.dev/hardware/build/use,200,51624,thin,docs.kscale.dev/hardware/build/use/index.html,docs.kscale.dev/hardware/build/use/index.md,0,ok,
https://docs.kscale.dev/hardware/components/cameras,docs.kscale.dev,/hardware/components/cameras,20241014234509,https://web.archive.org/web/20241014234509id_/https://docs.kscale.dev/hardware/components/cameras,200,75351,article,docs.kscale.dev/hardware/components/cameras/index.html,docs.kscale.dev/hardware/components/cameras/index.md,0,ok,
https://docs.kscale.dev/hardware/components/imu,docs.kscale.dev,/hardware/components/imu,20241015010338,https://web.archive.org/web/20241015010338id_/https://docs.kscale.dev/hardware/components/imu,200,52371,article,docs.kscale.dev/hardware/components/imu/index.html,docs.kscale.dev/hardware/components/imu/index.md,0,ok,
https://docs.kscale.dev/hardware/components/lcd,docs.kscale.dev,/hardware/components/lcd,20241015003646,https://web.archive.org/web/20241015003646id_/https://docs.kscale.dev/hardware/components/lcd,200,89401,article,docs.kscale.dev/hardware/components/lcd/index.html,docs.kscale.dev/hardware/components/lcd/index.md,0,ok,
https://docs.kscale.dev/hardware/components/microphone,docs.kscale.dev,/hardware/components/microphone,20241015003545,https://web.archive.org/web/20241015003545id_/https://docs.kscale.dev/hardware/components/microphone,200,76129,article,docs.kscale.dev/hardware/components/microphone/index.html,docs.kscale.dev/hardware/components/microphone/index.md,0,ok,
https://docs.kscale.dev/hardware/components/motor_control,docs.kscale.dev,/hardware/components/motor_control,20241014235955,https://web.archive.org/web/20241014235955id_/https://docs.kscale.dev/hardware/components/motor_control,200,53959,article,docs.kscale.dev/hardware/components/motor_control/index.html,docs.kscale.dev/hardware/components/motor_control/index.md,0,ok,
https://docs.kscale.dev/hardware/components/speaker,docs.kscale.dev,/hardware/components/speaker,20241015005741,https://web.archive.org/web/20241015005741id_/https://docs.kscale.dev/hardware/components/speaker,200,75165,article,docs.kscale.dev/hardware/components/speaker/index.html,docs.kscale.dev/hardware/components/speaker/index.md,0,ok,
https://docs.kscale.dev/hardware/mini,docs.kscale.dev,/hardware/mini,20241014234655,https://web.archive.org/web/20241014234655id_/https://docs.kscale.dev/hardware/mini,200,66352,article,docs.kscale.dev/hardware/mini/index.html,docs.kscale.dev/hardware/mini/index.md,0,ok,
https://docs.kscale.dev/robot/intro,docs.kscale.dev,/robot/intro,20250109000307,https://web.archive.org/web/20250109000307id_/https://docs.kscale.dev/robot/intro,200,62482,article,docs.kscale.dev/robot/intro/index.html,docs.kscale.dev/robot/intro/index.md,0,ok,
https://docs.kscale.dev/robots/k-bot/electrical/,docs.kscale.dev,/robots/k-bot/electrical,20251109015646,https://web.archive.org/web/20251109015646id_/https://docs.kscale.dev/robots/k-bot/electrical/,200,18740,article,docs.kscale.dev/robots/k-bot/electrical/index.html,docs.kscale.dev/robots/k-bot/electrical/index.md,0,ok,
https://docs.kscale.dev/robots/k-bot/mechanical/,docs.kscale.dev,/robots/k-bot/mechanical,20251108235813,https://web.archive.org/web/20251108235813id_/https://docs.kscale.dev/robots/k-bot/mechanical/,200,25760,article,docs.kscale.dev/robots/k-bot/mechanical/index.html,docs.kscale.dev/robots/k-bot/mechanical/index.md,1,ok,
https://docs.kscale.dev/robots/k-bot/motor-id-mapping/,docs.kscale.dev,/robots/k-bot/motor-id-mapping,20251014104335,https://web.archive.org/web/20251014104335id_/https://docs.kscale.dev/robots/k-bot/motor-id-mapping/,200,15775,thin,docs.kscale.dev/robots/k-bot/motor-id-mapping/index.html,docs.kscale.dev/robots/k-bot/motor-id-mapping/index.md,0,ok,
https://docs.kscale.dev/robots/k-bot/quickstart/,docs.kscale.dev,/robots/k-bot/quickstart,20251014095836,https://web.archive.org/web/20251014095836id_/https://docs.kscale.dev/robots/k-bot/quickstart/,200,30729,article,docs.kscale.dev/robots/k-bot/quickstart/index.html,docs.kscale.dev/robots/k-bot/quickstart/index.md,0,ok,
https://docs.kscale.dev/robots/k-bot/raspberrypi/,docs.kscale.dev,/robots/k-bot/raspberrypi,20251014094035,https://web.archive.org/web/20251014094035id_/https://docs.kscale.dev/robots/k-bot/raspberrypi/,200,21676,article,docs.kscale.dev/robots/k-bot/raspberrypi/index.html,docs.kscale.dev/robots/k-bot/raspberrypi/index.md,0,ok,
https://docs.kscale.dev/robots/k-bot/simulation/,docs.kscale.dev,/robots/k-bot/simulation,20251014104626,https://web.archive.org/web/20251014104626id_/https://docs.kscale.dev/robots/k-bot/simulation/,200,18333,article,docs.kscale.dev/robots/k-bot/simulation/index.html,docs.kscale.dev/robots/k-bot/simulation/index.md,0,ok,
https://docs.kscale.dev/robots/k-bot/teleop/,docs.kscale.dev,/robots/k-bot/teleop,20251109015118,https://web.archive.org/web/20251109015118id_/https://docs.kscale.dev/robots/k-bot/teleop/,200,34237,article,docs.kscale.dev/robots/k-bot/teleop/index.html,docs.kscale.dev/robots/k-bot/teleop/index.md,0,ok,
https://docs.kscale.dev/robots/k-bot/video-streaming/,docs.kscale.dev,/robots/k-bot/video-streaming,20251014091543,https://web.archive.org/web/20251014091543id_/https://docs.kscale.dev/robots/k-bot/video-streaming/,200,45871,article,docs.kscale.dev/robots/k-bot/video-streaming/index.html,docs.kscale.dev/robots/k-bot/video-streaming/index.md,0,ok,
https://docs.kscale.dev/robots/k-bot/walking/,docs.kscale.dev,/robots/k-bot/walking,20251014110014,https://web.archive.org/web/20251014110014id_/https://docs.kscale.dev/robots/k-bot/walking/,200,21208,article,docs.kscale.dev/robots/k-bot/walking/index.html,docs.kscale.dev/robots/k-bot/walking/index.md,0,ok,
https://docs.kscale.dev/robots/zeroth-01/intro/,docs.kscale.dev,/robots/zeroth-01/intro,20251014111033,https://web.archive.org/web/20251014111033id_/https://docs.kscale.dev/robots/zeroth-01/intro/,200,14396,thin,docs.kscale.dev/robots/zeroth-01/intro/index.html,docs.kscale.dev/robots/zeroth-01/intro/index.md,0,ok,
https://docs.kscale.dev/robots/zeroth-01/links/,docs.kscale.dev,/robots/zeroth-01/links,20251014103712,https://web.archive.org/web/20251014103712id_/https://docs.kscale.dev/robots/zeroth-01/links/,200,14361,thin,docs.kscale.dev/robots/zeroth-01/links/index.html,docs.kscale.dev/robots/zeroth-01/links/index.md,0,ok,
https://docs.kscale.dev/simulation/mujoco,docs.kscale.dev,/simulation/mujoco,20241111160250,https://web.archive.org/web/20241111160250id_/https://docs.kscale.dev/simulation/mujoco,200,85246,article,docs.kscale.dev/simulation/mujoco/index.html,docs.kscale.dev/simulation/mujoco/index.md,0,ok,
https://docs.kscale.dev/simulation/isaac,docs.kscale.dev,/simulation/isaac,20241111162907,https://web.archive.org/web/20241111162907id_/https://docs.kscale.dev/simulation/isaac,200,92005,article,docs.kscale.dev/simulation/isaac/index.html,docs.kscale.dev/simulation/isaac/index.md,0,ok,
https://docs.kscale.dev/software/simulation/isaac,docs.kscale.dev,/software/simulation/isaac,20241015005555,https://web.archive.org/web/20241015005555id_/https://docs.kscale.dev/software/simulation/isaac,200,94412,article,docs.kscale.dev/software/simulation/isaac/index.html,docs.kscale.dev/software/simulation/isaac/index.md,0,ok,
https://docs.kscale.dev/software/simulation/rl,docs.kscale.dev,/software/simulation/rl,20241015000252,https://web.archive.org/web/20241015000252id_/https://docs.kscale.dev/software/simulation/rl,200,53904,article,docs.kscale.dev/software/simulation/rl/index.html,docs.kscale.dev/software/simulation/rl/index.md,0,ok,
https://docs.kscale.dev/software/simulation/wasm,docs.kscale.dev,/software/simulation/wasm,20241014235901,https://web.archive.org/web/20241014235901id_/https://docs.kscale.dev/software/simulation/wasm,200,54395,article,docs.kscale.dev/software/simulation/wasm/index.html,docs.kscale.dev/software/simulation/wasm/index.md,0,ok,
https://docs.kscale.dev/software/simulation/mujoco,docs.kscale.dev,/software/simulation/mujoco,20241014225319,https://web.archive.org/web/20241014225319id_/https://docs.kscale.dev/software/simulation/mujoco,200,96604,article,docs.kscale.dev/software/simulation/mujoco/index.html,docs.kscale.dev/software/simulation/mujoco/index.md,0,ok,
https://docs.kscale.dev/category/community/,docs.kscale.dev,/category/community,20251014101031,https://web.archive.org/web/20251014101031id_/https://docs.kscale.dev/category/community/,200,12519,thin,docs.kscale.dev/category/community/index.html,docs.kscale.dev/category/community/index.md,0,ok,
https://docs.kscale.dev/category/utils/,docs.kscale.dev,/category/utils,20251014103745,https://web.archive.org/web/20251014103745id_/https://docs.kscale.dev/category/utils/,200,12389,thin,docs.kscale.dev/category/utils/index.html,docs.kscale.dev/category/utils/index.md,0,ok,
https://docs.kscale.dev/changelog,docs.kscale.dev,/changelog,20250621022515,https://web.archive.org/web/20250621022515id_/https://docs.kscale.dev/changelog,200,60195,shell,docs.kscale.dev/changelog/index.html,docs.kscale.dev/changelog/index.md,0,ok,
https://docs.kscale.dev/community/residency/,docs.kscale.dev,/community/residency,20251014110153,https://web.archive.org/web/20251014110153id_/https://docs.kscale.dev/community/residency/,200,17296,article,docs.kscale.dev/community/residency/index.html,docs.kscale.dev/community/residency/index.md,0,ok,
https://docs.kscale.dev/discuss-new,docs.kscale.dev,/discuss-new,20250713171411,https://web.archive.org/web/20250713171411id_/https://docs.kscale.dev/discuss-new,200,64351,shell,docs.kscale.dev/discuss-new/index.html,docs.kscale.dev/discuss-new/index.md,0,ok,
https://docs.kscale.dev/discuss/678c1e646b43180052fd5141,docs.kscale.dev,/discuss/678c1e646b43180052fd5141,20250621011753,https://web.archive.org/web/20250621011753id_/https://docs.kscale.dev/discuss/678c1e646b43180052fd5141,200,78028,shell,docs.kscale.dev/discuss/678c1e646b43180052fd5141/index.html,docs.kscale.dev/discuss/678c1e646b43180052fd5141/index.md,1,ok,
https://docs.kscale.dev/discuss,docs.kscale.dev,/discuss,20250910204712,https://web.archive.org/web/20250910204712id_/https://docs.kscale.dev/discuss,200,116403,article,docs.kscale.dev/discuss/index.html,docs.kscale.dev/discuss/index.md,1,ok,
https://docs.kscale.dev/discuss/678c1fb22b18c2003da0db83,docs.kscale.dev,/discuss/678c1fb22b18c2003da0db83,20250713171643,https://web.archive.org/web/20250713171643id_/https://docs.kscale.dev/discuss/678c1fb22b18c2003da0db83,200,86789,article,docs.kscale.dev/discuss/678c1fb22b18c2003da0db83/index.html,docs.kscale.dev/discuss/678c1fb22b18c2003da0db83/index.md,0,ok,
https://docs.kscale.dev/discuss/678c2c7baf3117001e6ab50b,docs.kscale.dev,/discuss/678c2c7baf3117001e6ab50b,20250213221647,https://web.archive.org/web/20250213221647id_/https://docs.kscale.dev/discuss/678c2c7baf3117001e6ab50b,200,81111,shell,docs.kscale.dev/discuss/678c2c7baf3117001e6ab50b/index.html,docs.kscale.dev/discuss/678c2c7baf3117001e6ab50b/index.md,0,ok,
https://docs.kscale.dev/discuss/678c30692f6bd3006b3558fc,docs.kscale.dev,/discuss/678c30692f6bd3006b3558fc,20250621005322,https://web.archive.org/web/20250621005322id_/https://docs.kscale.dev/discuss/678c30692f6bd3006b3558fc,200,84149,shell,docs.kscale.dev/discuss/678c30692f6bd3006b3558fc/index.html,docs.kscale.dev/discuss/678c30692f6bd3006b3558fc/index.md,0,ok,
https://docs.kscale.dev/discuss/678c62aa59ff9b0037d63a97,docs.kscale.dev,/discuss/678c62aa59ff9b0037d63a97,20250517172900,https://web.archive.org/web/20250517172900id_/https://docs.kscale.dev/discuss/678c62aa59ff9b0037d63a97,200,93307,shell,docs.kscale.dev/discuss/678c62aa59ff9b0037d63a97/index.html,docs.kscale.dev/discuss/678c62aa59ff9b0037d63a97/index.md,0,ok,
https://docs.kscale.dev/discuss/678c5bb2af64fe002a3cc9ee,docs.kscale.dev,/discuss/678c5bb2af64fe002a3cc9ee,20250517181031,https://web.archive.org/web/20250517181031id_/https://docs.kscale.dev/discuss/678c5bb2af64fe002a3cc9ee,200,94995,shell,docs.kscale.dev/discuss/678c5bb2af64fe002a3cc9ee/index.html,docs.kscale.dev/discuss/678c5bb2af64fe002a3cc9ee/index.md,1,ok,
https://docs.kscale.dev/discuss/678d4fa0b34940006d47738d,docs.kscale.dev,/discuss/678d4fa0b34940006d47738d,20250815180603,https://web.archive.org/web/20250815180603id_/https://docs.kscale.dev/discuss/678d4fa0b34940006d47738d,200,90492,article,docs.kscale.dev/discuss/678d4fa0b34940006d47738d/index.html,docs.kscale.dev/discuss/678d4fa0b34940006d47738d/index.md,0,ok,
https://docs.kscale.dev/discuss/678d5d312881b0001f92b31a,docs.kscale.dev,/discuss/678d5d312881b0001f92b31a,20250815185947,https://web.archive.org/web/20250815185947id_/https://docs.kscale.dev/discuss/678d5d312881b0001f92b31a,200,89166,article,docs.kscale.dev/discuss/678d5d312881b0001f92b31a/index.html,docs.kscale.dev/discuss/678d5d312881b0001f92b31a/index.md,0,ok,
https://docs.kscale.dev/discuss/679a9eca39875e001168b7e0,docs.kscale.dev,/discuss/679a9eca39875e001168b7e0,20250621020836,https://web.archive.org/web/20250621020836id_/https://docs.kscale.dev/discuss/679a9eca39875e001168b7e0,200,74444,shell,docs.kscale.dev/discuss/679a9eca39875e001168b7e0/index.html,docs.kscale.dev/discuss/679a9eca39875e001168b7e0/index.md,0,ok,
https://docs.kscale.dev/discuss/679c5231e60d8300114cc103,docs.kscale.dev,/discuss/679c5231e60d8300114cc103,20250621015136,https://web.archive.org/web/20250621015136id_/https://docs.kscale.dev/discuss/679c5231e60d8300114cc103,200,85174,article,docs.kscale.dev/discuss/679c5231e60d8300114cc103/index.html,docs.kscale.dev/discuss/679c5231e60d8300114cc103/index.md,0,ok,
https://docs.kscale.dev/discuss/67da21d21142510071d56dc6,docs.kscale.dev,/discuss/67da21d21142510071d56dc6,20250713174404,https://web.archive.org/web/20250713174404id_/https://docs.kscale.dev/discuss/67da21d21142510071d56dc6,200,81177,shell,docs.kscale.dev/discuss/67da21d21142510071d56dc6/index.html,docs.kscale.dev/discuss/67da21d21142510071d56dc6/index.md,0,ok,
https://docs.kscale.dev/discuss/67f89eee15d60e00100ba41b,docs.kscale.dev,/discuss/67f89eee15d60e00100ba41b,20250713172041,https://web.archive.org/web/20250713172041id_/https://docs.kscale.dev/discuss/67f89eee15d60e00100ba41b,200,70660,shell,docs.kscale.dev/discuss/67f89eee15d60e00100ba41b/index.html,docs.kscale.dev/discuss/67f89eee15d60e00100ba41b/index.md,0,ok,
https://docs.kscale.dev/discuss/680338268b407b0037a27db4,docs.kscale.dev,/discuss/680338268b407b0037a27db4,20250815174347,https://web.archive.org/web/20250815174347id_/https://docs.kscale.dev/discuss/680338268b407b0037a27db4,200,71467,shell,docs.kscale.dev/discuss/680338268b407b0037a27db4/index.html,docs.kscale.dev/discuss/680338268b407b0037a27db4/index.md,0,ok,
https://docs.kscale.dev/discuss/67debac5b883e60031783140,docs.kscale.dev,/discuss/67debac5b883e60031783140,20250910213056,https://web.archive.org/web/20250910213056id_/https://docs.kscale.dev/discuss/67debac5b883e60031783140,200,76719,shell,docs.kscale.dev/discuss/67debac5b883e60031783140/index.html,docs.kscale.dev/discuss/67debac5b883e60031783140/index.md,1,ok,
https://docs.kscale.dev/discuss/68947a3e7f7526b170a59fae,docs.kscale.dev,/discuss/68947a3e7f7526b170a59fae,20250910204310,https://web.archive.org/web/20250910204310id_/https://docs.kscale.dev/discuss/68947a3e7f7526b170a59fae,200,73991,shell,docs.kscale.dev/discuss/68947a3e7f7526b170a59fae/index.html,docs.kscale.dev/discuss/68947a3e7f7526b170a59fae/index.md,1,ok,
https://docs.kscale.dev/discuss/682dbbfe1bd049005fa6ff78,docs.kscale.dev,/discuss/682dbbfe1bd049005fa6ff78,20250621015056,https://web.archive.org/web/20250621015056id_/https://docs.kscale.dev/discuss/682dbbfe1bd049005fa6ff78,200,67797,shell,docs.kscale.dev/discuss/682dbbfe1bd049005fa6ff78/index.html,docs.kscale.dev/discuss/682dbbfe1bd049005fa6ff78/index.md,0,ok,
https://docs.kscale.dev/docs/checking-ip,docs.kscale.dev,/docs/checking-ip,20250213223126,https://web.archive.org/web/20250213223126id_/https://docs.kscale.dev/docs/checking-ip,200,108207,shell,docs.kscale.dev/docs/checking-ip/index.html,docs.kscale.dev/docs/checking-ip/index.md,1,ok,
https://docs.kscale.dev/docs/environment,docs.kscale.dev,/docs/environment,20250713163213,https://web.archive.org/web/20250713163213id_/https://docs.kscale.dev/docs/environment,200,197052,article,docs.kscale.dev/docs/environment/index.html,docs.kscale.dev/docs/environment/index.md,0,ok,
https://docs.kscale.dev/docs/code-of-conduct,docs.kscale.dev,/docs/code-of-conduct,20250815191730,https://web.archive.org/web/20250815191730id_/https://docs.kscale.dev/docs/code-of-conduct,200,174656,article,docs.kscale.dev/docs/code-of-conduct/index.html,docs.kscale.dev/docs/code-of-conduct/index.md,0,ok,
https://docs.kscale.dev/docs/genesis,docs.kscale.dev,/docs/genesis,20250213213743,https://web.archive.org/web/20250213213743id_/https://docs.kscale.dev/docs/genesis,200,107701,shell,docs.kscale.dev/docs/genesis/index.html,docs.kscale.dev/docs/genesis/index.md,0,ok,
https://docs.kscale.dev/docs/exporting,docs.kscale.dev,/docs/exporting,20250910205742,https://web.archive.org/web/20250910205742id_/https://docs.kscale.dev/docs/exporting,200,129227,article,docs.kscale.dev/docs/exporting/index.html,docs.kscale.dev/docs/exporting/index.md,1,ok,
https://docs.kscale.dev/docs/id-and-calibration,docs.kscale.dev,/docs/id-and-calibration,20250420221133,https://web.archive.org/web/20250420221133id_/https://docs.kscale.dev/docs/id-and-calibration,200,160194,shell,docs.kscale.dev/docs/id-and-calibration/index.html,docs.kscale.dev/docs/id-and-calibration/index.md,0,ok,
https://docs.kscale.dev/docs/getting-started,docs.kscale.dev,/docs/getting-started,20250910200733,https://web.archive.org/web/20250910200733id_/https://docs.kscale.dev/docs/getting-started,200,132233,shell,docs.kscale.dev/docs/getting-started/index.html,docs.kscale.dev/docs/getting-started/index.md,5,ok,
https://docs.kscale.dev/docs/introduction,docs.kscale.dev,/docs/introduction,20250213230159,https://web.archive.org/web/20250213230159id_/https://docs.kscale.dev/docs/introduction,200,119405,article,docs.kscale.dev/docs/introduction/index.html,docs.kscale.dev/docs/introduction/index.md,0,ok,
https://docs.kscale.dev/docs/isaac-lab,docs.kscale.dev,/docs/isaac-lab,20250213230354,https://web.archive.org/web/20250213230354id_/https://docs.kscale.dev/docs/isaac-lab,200,149068,article,docs.kscale.dev/docs/isaac-lab/index.html,docs.kscale.dev/docs/isaac-lab/index.md,0,ok,
https://docs.kscale.dev/docs/introduction-1,docs.kscale.dev,/docs/introduction-1,20250213225034,https://web.archive.org/web/20250213225034id_/https://docs.kscale.dev/docs/introduction-1,200,200347,article,docs.kscale.dev/docs/introduction-1/index.html,docs.kscale.dev/docs/introduction-1/index.md,1,ok,
https://docs.kscale.dev/docs/k-infer,docs.kscale.dev,/docs/k-infer,20250621010935,https://web.archive.org/web/20250621010935id_/https://docs.kscale.dev/docs/k-infer,200,112295,shell,docs.kscale.dev/docs/k-infer/index.html,docs.kscale.dev/docs/k-infer/index.md,0,ok,
https://docs.kscale.dev/docs/k-hacks,docs.kscale.dev,/docs/k-hacks,20250910203146,https://web.archive.org/web/20250910203146id_/https://docs.kscale.dev/docs/k-hacks,200,138530,article,docs.kscale.dev/docs/k-hacks/index.html,docs.kscale.dev/docs/k-hacks/index.md,1,ok,
https://docs.kscale.dev/docs/k-scale-labs,docs.kscale.dev,/docs/k-scale-labs,20250315052046,https://web.archive.org/web/20250315052046id_/https://docs.kscale.dev/docs/k-scale-labs,200,98980,shell,docs.kscale.dev/docs/k-scale-labs/index.html,docs.kscale.dev/docs/k-scale-labs/index.md,0,ok,
https://docs.kscale.dev/docs/kos,docs.kscale.dev,/docs/kos,20250815183945,https://web.archive.org/web/20250815183945id_/https://docs.kscale.dev/docs/kos,200,112730,shell,docs.kscale.dev/docs/kos/index.html,docs.kscale.dev/docs/kos/index.md,1,ok,
https://docs.kscale.dev/docs/kos-sdk,docs.kscale.dev,/docs/kos-sdk,20250621014626,https://web.archive.org/web/20250621014626id_/https://docs.kscale.dev/docs/kos-sdk,200,108432,shell,docs.kscale.dev/docs/kos-sdk/index.html,docs.kscale.dev/docs/kos-sdk/index.md,0,ok,
https://docs.kscale.dev/docs/k-scale-api,docs.kscale.dev,/docs/k-scale-api,20250713170031,https://web.archive.org/web/20250713170031id_/https://docs.kscale.dev/docs/k-scale-api,200,108574,shell,docs.kscale.dev/docs/k-scale-api/index.html,docs.kscale.dev/docs/k-scale-api/index.md,0,ok,
https://docs.kscale.dev/docs/kosquickstart,docs.kscale.dev,/docs/kosquickstart,20250315043517,https://web.archive.org/web/20250315043517id_/https://docs.kscale.dev/docs/kosquickstart,200,106761,shell,docs.kscale.dev/docs/kosquickstart/index.html,docs.kscale.dev/docs/kosquickstart/index.md,0,ok,
https://docs.kscale.dev/docs/ksim,docs.kscale.dev,/docs/ksim,20250815191211,https://web.archive.org/web/20250815191211id_/https://docs.kscale.dev/docs/ksim,200,119503,shell,docs.kscale.dev/docs/ksim/index.html,docs.kscale.dev/docs/ksim/index.md,0,ok,
https://docs.kscale.dev/docs/ktune,docs.kscale.dev,/docs/ktune,20250713163509,https://web.archive.org/web/20250713163509id_/https://docs.kscale.dev/docs/ktune,200,107258,shell,docs.kscale.dev/docs/ktune/index.html,docs.kscale.dev/docs/ktune/index.md,0,ok,
https://docs.kscale.dev/docs/kos-sim,docs.kscale.dev,/docs/kos-sim,20250910202853,https://web.archive.org/web/20250910202853id_/https://docs.kscale.dev/docs/kos-sim,200,118405,shell,docs.kscale.dev/docs/kos-sim/index.html,docs.kscale.dev/docs/kos-sim/index.md,1,ok,
https://docs.kscale.dev/docs/mujoco,docs.kscale.dev,/docs/mujoco,20250213233920,https://web.archive.org/web/20250213233920id_/https://docs.kscale.dev/docs/mujoco,200,111788,shell,docs.kscale.dev/docs/mujoco/index.html,docs.kscale.dev/docs/mujoco/index.md,0,ok,
https://docs.kscale.dev/docs/onshape-to-urdf-converter,docs.kscale.dev,/docs/onshape-to-urdf-converter,20250910194645,https://web.archive.org/web/20250910194645id_/https://docs.kscale.dev/docs/onshape-to-urdf-converter,200,160389,article,docs.kscale.dev/docs/onshape-to-urdf-converter/index.html,docs.kscale.dev/docs/onshape-to-urdf-converter/index.md,1,ok,
https://docs.kscale.dev/docs/record-and-play-back-actions,docs.kscale.dev,/docs/record-and-play-back-actions,20250213213107,https://web.archive.org/web/20250213213107id_/https://docs.kscale.dev/docs/record-and-play-back-actions,200,119192,shell,docs.kscale.dev/docs/record-and-play-back-actions/index.html,docs.kscale.dev/docs/record-and-play-back-actions/index.md,0,ok,
https://docs.kscale.dev/docs/quick-start,docs.kscale.dev,/docs/quick-start,20250910194019,https://web.archive.org/web/20250910194019id_/https://docs.kscale.dev/docs/quick-start,200,220715,article,docs.kscale.dev/docs/quick-start/index.html,docs.kscale.dev/docs/quick-start/index.md,1,ok,
https://docs.kscale.dev/docs/reference,docs.kscale.dev,/docs/reference,20250213223620,https://web.archive.org/web/20250213223620id_/https://docs.kscale.dev/docs/reference,200,138148,article,docs.kscale.dev/docs/reference/index.html,docs.kscale.dev/docs/reference/index.md,0,ok,
https://docs.kscale.dev/docs/task,docs.kscale.dev,/docs/task,20250910211352,https://web.archive.org/web/20250910211352id_/https://docs.kscale.dev/docs/task,200,180246,article,docs.kscale.dev/docs/task/index.html,docs.kscale.dev/docs/task/index.md,1,ok,
https://docs.kscale.dev/docs/residency,docs.kscale.dev,/docs/residency,20250910210112,https://web.archive.org/web/20250910210112id_/https://docs.kscale.dev/docs/residency,200,119350,shell,docs.kscale.dev/docs/residency/index.html,docs.kscale.dev/docs/residency/index.md,1,ok,
https://docs.kscale.dev/docs/teleop,docs.kscale.dev,/docs/teleop,20250420214048,https://web.archive.org/web/20250420214048id_/https://docs.kscale.dev/docs/teleop,200,185238,article,docs.kscale.dev/docs/teleop/index.html,docs.kscale.dev/docs/teleop/index.md,0,ok,
https://docs.kscale.dev/docs/troubleshooting-1,docs.kscale.dev,/docs/troubleshooting-1,20250910204017,https://web.archive.org/web/20250910204017id_/https://docs.kscale.dev/docs/troubleshooting-1,200,113401,shell,docs.kscale.dev/docs/troubleshooting-1/index.html,docs.kscale.dev/docs/troubleshooting-1/index.md,1,ok,
https://docs.kscale.dev/docs/urdf-mesh-mjcf-and-file,docs.kscale.dev,/docs/urdf-mesh-mjcf-and-file,20250713175615,https://web.archive.org/web/20250713175615id_/https://docs.kscale.dev/docs/urdf-mesh-mjcf-and-file,200,107208,shell,docs.kscale.dev/docs/urdf-mesh-mjcf-and-file/index.html,docs.kscale.dev/docs/urdf-mesh-mjcf-and-file/index.md,0,ok,
https://docs.kscale.dev/docs/urdf2mjcf,docs.kscale.dev,/docs/urdf2mjcf,20250815183646,https://web.archive.org/web/20250815183646id_/https://docs.kscale.dev/docs/urdf2mjcf,200,116790,shell,docs.kscale.dev/docs/urdf2mjcf/index.html,docs.kscale.dev/docs/urdf2mjcf/index.md,1,ok,
https://docs.kscale.dev/docs/wi-fi-and-local-connection,docs.kscale.dev,/docs/wi-fi-and-local-connection,20250213232506,https://web.archive.org/web/20250213232506id_/https://docs.kscale.dev/docs/wi-fi-and-local-connection,200,105969,shell,docs.kscale.dev/docs/wi-fi-and-local-connection/index.html,docs.kscale.dev/docs/wi-fi-and-local-connection/index.md,0,ok,
https://docs.kscale.dev/docs/troubleshooting,docs.kscale.dev,/docs/troubleshooting,20250713181507,https://web.archive.org/web/20250713181507id_/https://docs.kscale.dev/docs/troubleshooting,200,139677,article,docs.kscale.dev/docs/troubleshooting/index.html,docs.kscale.dev/docs/troubleshooting/index.md,1,ok,
https://docs.kscale.dev/docs/z1overview,docs.kscale.dev,/docs/z1overview,20250315044338,https://web.archive.org/web/20250315044338id_/https://docs.kscale.dev/docs/z1overview,200,100907,shell,docs.kscale.dev/docs/z1overview/index.html,docs.kscale.dev/docs/z1overview/index.md,0,ok,
https://docs.kscale.dev/hw/garage,docs.kscale.dev,/hw/garage,20241214043206,https://web.archive.org/web/20241214043206id_/https://docs.kscale.dev/hw/garage,200,51383,article,docs.kscale.dev/hw/garage/index.html,docs.kscale.dev/hw/garage/index.md,0,ok,
https://docs.kscale.dev/hw/intro,docs.kscale.dev,/hw/intro,20241214050052,https://web.archive.org/web/20241214050052id_/https://docs.kscale.dev/hw/intro,200,49324,article,docs.kscale.dev/hw/intro/index.html,docs.kscale.dev/hw/intro/index.md,0,ok,
https://docs.kscale.dev/intro/,docs.kscale.dev,/intro,20251014095209,https://web.archive.org/web/20251014095209id_/https://docs.kscale.dev/intro/,200,15907,article,docs.kscale.dev/intro/index.html,docs.kscale.dev/intro/index.md,0,ok,
https://docs.kscale.dev/models/evla,docs.kscale.dev,/models/evla,20241111160942,https://web.archive.org/web/20241111160942id_/https://docs.kscale.dev/models/evla,200,48519,thin,docs.kscale.dev/models/evla/index.html,docs.kscale.dev/models/evla/index.md,0,ok,
https://docs.kscale.dev/robots/k-bot/zeroing/,docs.kscale.dev,/robots/k-bot/zeroing,20251014100449,https://web.archive.org/web/20251014100449id_/https://docs.kscale.dev/robots/k-bot/zeroing/,200,21872,article,docs.kscale.dev/robots/k-bot/zeroing/index.html,docs.kscale.dev/robots/k-bot/zeroing/index.md,0,ok,
https://docs.kscale.dev/khacks,docs.kscale.dev,/khacks,20241206104840,https://web.archive.org/web/20241206104840id_/https://docs.kscale.dev/khacks,200,62428,article,docs.kscale.dev/khacks/index.html,docs.kscale.dev/khacks/index.md,0,ok,
https://docs.kscale.dev/os/rtos,docs.kscale.dev,/os/rtos,20241214051036,https://web.archive.org/web/20241214051036id_/https://docs.kscale.dev/os/rtos,200,50085,article,docs.kscale.dev/os/rtos/index.html,docs.kscale.dev/os/rtos/index.md,0,ok,
https://docs.kscale.dev/os/signing,docs.kscale.dev,/os/signing,20241214030032,https://web.archive.org/web/20241214030032id_/https://docs.kscale.dev/os/signing,200,49773,thin,docs.kscale.dev/os/signing/index.html,docs.kscale.dev/os/signing/index.md,0,ok,
https://docs.kscale.dev/os/intro,docs.kscale.dev,/os/intro,20241214040439,https://web.archive.org/web/20241214040439id_/https://docs.kscale.dev/os/intro,200,54355,article,docs.kscale.dev/os/intro/index.html,docs.kscale.dev/os/intro/index.md,0,ok,
https://docs.kscale.dev/pkg/cli,docs.kscale.dev,/pkg/cli,20241214034924,https://web.archive.org/web/20241214034924id_/https://docs.kscale.dev/pkg/cli,200,71789,article,docs.kscale.dev/pkg/cli/index.html,docs.kscale.dev/pkg/cli/index.md,0,ok,
https://docs.kscale.dev/pkg/intro,docs.kscale.dev,/pkg/intro,20241214031336,https://web.archive.org/web/20241214031336id_/https://docs.kscale.dev/pkg/intro,200,56621,article,docs.kscale.dev/pkg/intro/index.html,docs.kscale.dev/pkg/intro/index.md,0,ok,
https://docs.kscale.dev/pkg/python,docs.kscale.dev,/pkg/python,20241214035733,https://web.archive.org/web/20241214035733id_/https://docs.kscale.dev/pkg/python,200,56059,article,docs.kscale.dev/pkg/python/index.html,docs.kscale.dev/pkg/python/index.md,0,ok,
https://docs.kscale.dev/software/cli,docs.kscale.dev,/software/cli,20241015004121,https://web.archive.org/web/20241015004121id_/https://docs.kscale.dev/software/cli,200,84104,article,docs.kscale.dev/software/cli/index.html,docs.kscale.dev/software/cli/index.md,0,ok,
https://docs.kscale.dev/residency,docs.kscale.dev,/residency,20241111155500,https://web.archive.org/web/20241111155500id_/https://docs.kscale.dev/residency,200,57394,article,docs.kscale.dev/residency/index.html,docs.kscale.dev/residency/index.md,0,ok,
https://docs.kscale.dev/software/models/evla,docs.kscale.dev,/software/models/evla,20241014230119,https://web.archive.org/web/20241014230119id_/https://docs.kscale.dev/software/models/evla,200,51150,thin,docs.kscale.dev/software/models/evla/index.html,docs.kscale.dev/software/models/evla/index.md,0,ok,
https://docs.kscale.dev/software/onshape,docs.kscale.dev,/software/onshape,20241015001325,https://web.archive.org/web/20241015001325id_/https://docs.kscale.dev/software/onshape,200,87668,article,docs.kscale.dev/software/onshape/index.html,docs.kscale.dev/software/onshape/index.md,0,ok,
https://docs.kscale.dev/software/teleop/overview,docs.kscale.dev,/software/teleop/overview,20241014233757,https://web.archive.org/web/20241014233757id_/https://docs.kscale.dev/software/teleop/overview,200,86479,article,docs.kscale.dev/software/teleop/overview/index.html,docs.kscale.dev/software/teleop/overview/index.md,0,ok,
https://docs.kscale.dev/teleop/intro,docs.kscale.dev,/teleop/intro,20241214050130,https://web.archive.org/web/20241214050130id_/https://docs.kscale.dev/teleop/intro,200,76743,article,docs.kscale.dev/teleop/intro/index.html,docs.kscale.dev/teleop/intro/index.md,0,ok,
https://docs.kscale.dev/os/klang,docs.kscale.dev,/os/klang,20241214035356,https://web.archive.org/web/20241214035356id_/https://docs.kscale.dev/os/klang,200,63225,article,docs.kscale.dev/os/klang/index.html,docs.kscale.dev/os/klang/index.md,0,ok,
https://docs.kscale.dev/community/khacks,docs.kscale.dev,/community/khacks,20241014231756,https://web.archive.org/web/20241014231756id_/https://docs.kscale.dev/community/khacks,200,64736,article,docs.kscale.dev/community/khacks/index.html,docs.kscale.dev/community/khacks/index.md,0,ok,
https://docs.kscale.dev/utils/urdf-to-mujoco-converter/,docs.kscale.dev,/utils/urdf-to-mujoco-converter,20251014101244,https://web.archive.org/web/20251014101244id_/https://docs.kscale.dev/utils/urdf-to-mujoco-converter/,200,25681,article,docs.kscale.dev/utils/urdf-to-mujoco-converter/index.html,docs.kscale.dev/utils/urdf-to-mujoco-converter/index.md,0,ok,
https://docs.kscale.dev/software/klang/intro,docs.kscale.dev,/software/klang/intro,20241014230545,https://web.archive.org/web/20241014230545id_/https://docs.kscale.dev/software/klang/intro,200,54320,article,docs.kscale.dev/software/klang/intro/index.html,docs.kscale.dev/software/klang/intro/index.md,0,ok,
https://kscale.dev/,kscale.dev,/,20260401204459,https://web.archive.org/web/20260401204459id_/https://kscale.dev/,200,119,shell,kscale.dev/index.html,kscale.dev/index.md,0,ok,
https://www.kscale.dev/kbot,kscale.dev,/kbot,20251208132159,https://web.archive.org/web/20251208132159id_/https://www.kscale.dev/kbot,200,4972,thin,kscale.dev/kbot/index.html,kscale.dev/kbot/index.md,0,ok,
https://docs.kscale.dev/utils/onshape,docs.kscale.dev,/utils/onshape,20241218231350,https://web.archive.org/web/20241218231350id_/https://docs.kscale.dev/utils/onshape,200,74943,article,docs.kscale.dev/utils/onshape/index.html,docs.kscale.dev/utils/onshape/index.md,0,ok,
https://kscale.dev/.well-known/dnt-policy.txt,kscale.dev,/.well-known/dnt-policy.txt,20241117120452,https://web.archive.org/web/20241117120452id_/https://kscale.dev/.well-known/dnt-policy.txt,200,4030,thin,kscale.dev/.well-known/dnt-policy.html,kscale.dev/.well-known/dnt-policy.md,0,ok,
https://kscale.dev/.well-known/gpc.json,kscale.dev,/.well-known/gpc.json,20241117120544,https://web.archive.org/web/20241117120544id_/https://kscale.dev/.well-known/gpc.json,200,4030,thin,kscale.dev/.well-known/gpc.html,kscale.dev/.well-known/gpc.md,0,ok,
https://docs.kscale.dev/utils/urdf2mjcf,docs.kscale.dev,/utils/urdf2mjcf,20241111173340,https://web.archive.org/web/20241111173340id_/https://docs.kscale.dev/utils/urdf2mjcf,200,64721,article,docs.kscale.dev/utils/urdf2mjcf/index.html,docs.kscale.dev/utils/urdf2mjcf/index.md,0,ok,
https://kscale.dev/.well-known/nodeinfo,kscale.dev,/.well-known/nodeinfo,20241117120451,https://web.archive.org/web/20241117120451id_/https://kscale.dev/.well-known/nodeinfo,200,4030,thin,kscale.dev/.well-known/nodeinfo/index.html,kscale.dev/.well-known/nodeinfo/index.md,0,ok,
https://kscale.dev/.well-known/trust.txt,kscale.dev,/.well-known/trust.txt,20241117120449,https://web.archive.org/web/20241117120449id_/https://kscale.dev/.well-known/trust.txt,200,4030,thin,kscale.dev/.well-known/trust.html,kscale.dev/.well-known/trust.md,0,ok,
https://docs.kscale.dev/utils/colorlogging,docs.kscale.dev,/utils/colorlogging,20241111163834,https://web.archive.org/web/20241111163834id_/https://docs.kscale.dev/utils/colorlogging,200,63445,article,docs.kscale.dev/utils/colorlogging/index.html,docs.kscale.dev/utils/colorlogging/index.md,0,ok,
https://kscale.dev/about/en,kscale.dev,/about/en,20240812173506,https://web.archive.org/web/20240812173506id_/https://kscale.dev/about/en,200,4102,article,kscale.dev/about/en/index.html,kscale.dev/about/en/index.md,0,ok,
https://kscale.dev/assets/gstwebrtc-api-2.0.0.min.js,kscale.dev,/assets/gstwebrtc-api-2.0.0.min.js,20241117120514,https://web.archive.org/web/20241117120514id_/https://kscale.dev/assets/gstwebrtc-api-2.0.0.min.js,200,4030,thin,kscale.dev/assets/gstwebrtc-api-2.0.0.min.html,kscale.dev/assets/gstwebrtc-api-2.0.0.min.md,0,ok,
https://kscale.dev/about/zh,kscale.dev,/about/zh,20241003230311,https://web.archive.org/web/20241003230311id_/https://kscale.dev/about/zh,200,4017,article,kscale.dev/about/zh/index.html,kscale.dev/about/zh/index.md,0,ok,
https://www.kscale.dev/coming-soon,kscale.dev,/coming-soon,20251115002526,https://web.archive.org/web/20251115002526id_/https://www.kscale.dev/coming-soon,200,4516,thin,kscale.dev/coming-soon/index.html,kscale.dev/coming-soon/index.md,0,ok,
https://www.kscale.dev/dashboard,kscale.dev,/dashboard,20250710214812,https://web.archive.org/web/20250710214812id_/https://www.kscale.dev/dashboard,200,22565,thin,kscale.dev/dashboard/index.html,kscale.dev/dashboard/index.md,0,ok,
https://kscale.dev/favicon.ico,kscale.dev,/favicon.ico,20241117120509,https://web.archive.org/web/20241117120509id_/https://kscale.dev/favicon.ico,200,4030,thin,kscale.dev/favicon.html,kscale.dev/favicon.md,0,ok,
https://www.kscale.dev/investors,kscale.dev,/investors,20250919132802,https://web.archive.org/web/20250919132802id_/https://www.kscale.dev/investors,200,26511,article,kscale.dev/investors/index.html,kscale.dev/investors/index.md,0,ok,
https://www.kscale.dev/join,kscale.dev,/join,20251208140017,https://web.archive.org/web/20251208140017id_/https://www.kscale.dev/join,200,4631,thin,kscale.dev/join/index.html,kscale.dev/join/index.md,0,ok,
https://www.kscale.dev/login,kscale.dev,/login,20251002165130,https://web.archive.org/web/20251002165130id_/https://www.kscale.dev/login,200,22955,thin,kscale.dev/login/index.html,kscale.dev/login/index.md,0,ok,
https://www.kscale.dev/privacy,kscale.dev,/privacy,20251006234955,https://web.archive.org/web/20251006234955id_/https://www.kscale.dev/privacy,200,28092,article,kscale.dev/privacy/index.html,kscale.dev/privacy/index.md,0,ok,
https://www.kscale.dev/research,kscale.dev,/research,20250429202845,https://web.archive.org/web/20250429202845id_/https://www.kscale.dev/research,200,25313,article,kscale.dev/research/index.html,kscale.dev/research/index.md,0,ok,
https://www.kscale.dev/about,kscale.dev,/about,20250710214815,https://web.archive.org/web/20250710214815id_/https://www.kscale.dev/about,200,48064,thin,kscale.dev/about/index.html,kscale.dev/about/index.md,6,ok,
https://www.kscale.dev/tos,kscale.dev,/tos,20251006230742,https://web.archive.org/web/20251006230742id_/https://www.kscale.dev/tos,200,31515,article,kscale.dev/tos/index.html,kscale.dev/tos/index.md,0,ok,
https://www.kscale.dev/why,kscale.dev,/why,20251006235236,https://web.archive.org/web/20251006235236id_/https://www.kscale.dev/why,200,34900,article,kscale.dev/why/index.html,kscale.dev/why/index.md,0,ok,
http://api.kscale.dev/,api.kscale.dev,/,20241229071737,https://web.archive.org/web/20241229071737id_/http://api.kscale.dev/,404,0,,,,,error,wayback miss http 404
https://blog.kscale.dev/,blog.kscale.dev,/,20250305093356,https://web.archive.org/web/20250305093356id_/https://blog.kscale.dev/,200,118966,thin,blog.kscale.dev/index.html,blog.kscale.dev/index.md,16,ok,
https://blog.kscale.dev/180deg,blog.kscale.dev,/180deg,20240909135235,https://web.archive.org/web/20240909135235id_/https://blog.kscale.dev/180deg,200,88301,article,blog.kscale.dev/180deg/index.html,blog.kscale.dev/180deg/index.md,4,ok,
https://blog.kscale.dev/_/graphql,blog.kscale.dev,/_/graphql,20240909135234,https://web.archive.org/web/20240909135234id_/https://blog.kscale.dev/_/graphql,403,10,,,,,error,wayback miss http 403
https://blog.kscale.dev/efficient-vision-language-action-models-82b4607de39d,blog.kscale.dev,/efficient-vision-language-action-models-82b4607de39d,20250821101353,https://web.archive.org/web/20250821101353id_/https://blog.kscale.dev/efficient-vision-language-action-models-82b4607de39d,403,553,,,,,error,wayback miss http 403
https://blog.kscale.dev/introducing-k-scale-labs-63cf657e5705,blog.kscale.dev,/introducing-k-scale-labs-63cf657e5705,20250307154823,https://web.archive.org/web/20250307154823id_/https://blog.kscale.dev/introducing-k-scale-labs-63cf657e5705,200,128349,article,blog.kscale.dev/introducing-k-scale-labs-63cf657e5705/index.html,blog.kscale.dev/introducing-k-scale-labs-63cf657e5705/index.md,6,ok,
https://blog.kscale.dev/osd.xml,blog.kscale.dev,/osd.xml,20240909135236,https://web.archive.org/web/20240909135236id_/https://blog.kscale.dev/osd.xml,200,714,binary,blog.kscale.dev/osd.xml,,0,ok,
https://blog.kscale.dev/we-are-here-for-the-long-haul-4ba400483a2b,blog.kscale.dev,/we-are-here-for-the-long-haul-4ba400483a2b,20240909135234,https://web.archive.org/web/20240909135234id_/https://blog.kscale.dev/we-are-here-for-the-long-haul-4ba400483a2b,200,128272,article,blog.kscale.dev/we-are-here-for-the-long-haul-4ba400483a2b/index.html,blog.kscale.dev/we-are-here-for-the-long-haul-4ba400483a2b/index.md,5,ok,
http://bounties.kscale.dev/,bounties.kscale.dev,/,20250803200437,https://web.archive.org/web/20250803200437id_/http://bounties.kscale.dev/,200,572,thin,bounties.kscale.dev/index.html,bounties.kscale.dev/index.md,0,ok,
https://dashboard.kscale.dev/,dashboard.kscale.dev,/,20250422083207,https://web.archive.org/web/20250422083207id_/https://dashboard.kscale.dev/,200,12145,thin,dashboard.kscale.dev/index.html,dashboard.kscale.dev/index.md,0,ok,
http://firmware.kscale.dev/,firmware.kscale.dev,/,20250305004725,https://web.archive.org/web/20250305004725id_/http://firmware.kscale.dev/,200,20840,article,firmware.kscale.dev/index.html,firmware.kscale.dev/index.md,0,ok,
http://firmware.kscale.dev/genindex.html,firmware.kscale.dev,/genindex.html,20250305004734,https://web.archive.org/web/20250305004734id_/http://firmware.kscale.dev/genindex.html,200,76822,article,firmware.kscale.dev/genindex.html,firmware.kscale.dev/genindex.md,0,ok,
http://firmware.kscale.dev/getting_started.html,firmware.kscale.dev,/getting_started.html,20250305004734,https://web.archive.org/web/20250305004734id_/http://firmware.kscale.dev/getting_started.html,200,22122,article,firmware.kscale.dev/getting_started.html,firmware.kscale.dev/getting_started.md,0,ok,
http://firmware.kscale.dev/search.html,firmware.kscale.dev,/search.html,20250305004734,https://web.archive.org/web/20250305004734id_/http://firmware.kscale.dev/search.html,200,16402,thin,firmware.kscale.dev/search.html,firmware.kscale.dev/search.md,0,ok,
http://forum.kscale.dev/,forum.kscale.dev,/,20250321133708,https://web.archive.org/web/20250321133708id_/http://forum.kscale.dev/,200,11007,thin,forum.kscale.dev/index.html,forum.kscale.dev/index.md,2,ok,
https://www.kscale.dev/benchmarks,kscale.dev,/benchmarks,20250618043157,https://web.archive.org/web/20250618043157id_/https://www.kscale.dev/benchmarks,200,51206,article,kscale.dev/benchmarks/index.html,kscale.dev/benchmarks/index.md,4,ok,
https://forum.kscale.dev/categories,forum.kscale.dev,/categories,20250321124318,https://web.archive.org/web/20250321124318id_/https://forum.kscale.dev/categories,200,12217,thin,forum.kscale.dev/categories/index.html,forum.kscale.dev/categories/index.md,0,ok,
https://forum.kscale.dev/guidelines,forum.kscale.dev,/guidelines,20240913125018,https://web.archive.org/web/20240913125018id_/https://forum.kscale.dev/guidelines,200,15408,article,forum.kscale.dev/guidelines/index.html,forum.kscale.dev/guidelines/index.md,1,ok,
https://forum.kscale.dev/latest?no_definitions=true&page=1,forum.kscale.dev,/latest?no_definitions=true&page=1,20250316010231,https://web.archive.org/web/20250316010231id_/https://forum.kscale.dev/latest?no_definitions=true&page=1,200,8714,thin,forum.kscale.dev/latest__q_no_definitions=true_page=1/index.html,forum.kscale.dev/latest__q_no_definitions=true_page=1/index.md,0,ok,
https://forum.kscale.dev/latest?page=1,forum.kscale.dev,/latest?page=1,20250116012224,https://web.archive.org/web/20250116012224id_/https://forum.kscale.dev/latest?page=1,200,8937,thin,forum.kscale.dev/latest__q_page=1/index.html,forum.kscale.dev/latest__q_page=1/index.md,0,ok,
https://forum.kscale.dev/opensearch.xml,forum.kscale.dev,/opensearch.xml,20250316010116,https://web.archive.org/web/20250316010116id_/https://forum.kscale.dev/opensearch.xml,200,684,text,forum.kscale.dev/opensearch.xml,,0,ok,
https://forum.kscale.dev/search,forum.kscale.dev,/search,20250116012224,https://web.archive.org/web/20250116012224id_/https://forum.kscale.dev/search,200,7310,thin,forum.kscale.dev/search/index.html,forum.kscale.dev/search/index.md,0,ok,
https://forum.kscale.dev/search?q=%7Bsearch_term_string%7D,forum.kscale.dev,/search?q=%7Bsearch_term_string%7D,20250316010116,https://web.archive.org/web/20250316010116id_/https://forum.kscale.dev/search?q=%7Bsearch_term_string%7D,200,7059,thin,forum.kscale.dev/search__q_q=_7Bsearch_term_string_7D/index.html,forum.kscale.dev/search__q_q=_7Bsearch_term_string_7D/index.md,0,ok,
https://forum.kscale.dev/t/welcome-to-k-scale-labs/5,forum.kscale.dev,/t/welcome-to-k-scale-labs/5,20241009031831,https://web.archive.org/web/20241009031831id_/https://forum.kscale.dev/t/welcome-to-k-scale-labs/5,200,16081,article,forum.kscale.dev/t/welcome-to-k-scale-labs/5/index.html,forum.kscale.dev/t/welcome-to-k-scale-labs/5/index.md,4,ok,
https://forum.kscale.dev/u/system,forum.kscale.dev,/u/system,20240911092707,https://web.archive.org/web/20240911092707id_/https://forum.kscale.dev/u/system,200,8004,thin,forum.kscale.dev/u/system/index.html,forum.kscale.dev/u/system/index.md,1,ok,
http://grant.kscale.dev/,grant.kscale.dev,/,20250407123252,https://web.archive.org/web/20250407123252id_/http://grant.kscale.dev/,200,2177,article,grant.kscale.dev/index.html,grant.kscale.dev/index.md,0,ok,
https://intern.kscale.dev/,intern.kscale.dev,/,20250323220001,https://web.archive.org/web/20250323220001id_/https://intern.kscale.dev/,200,39786,thin,intern.kscale.dev/index.html,intern.kscale.dev/index.md,3,ok,
https://leaderboard.kscale.dev/,leaderboard.kscale.dev,/,20250513133657,https://web.archive.org/web/20250513133657id_/https://leaderboard.kscale.dev/,200,5037,article,leaderboard.kscale.dev/index.html,leaderboard.kscale.dev/index.md,0,ok,
http://mail.kscale.dev/,mail.kscale.dev,/,20250317003525,https://web.archive.org/web/20250317003525id_/http://mail.kscale.dev/,200,6899,thin,mail.kscale.dev/index.html,mail.kscale.dev/index.md,2,ok,
http://media.kscale.dev/,media.kscale.dev,/,20241203064029,https://web.archive.org/web/20241203064029id_/http://media.kscale.dev/,200,0,,media.kscale.dev/index.html,,0,error,Wayback returned an empty body
https://media.kscale.dev/kscale-open-source-header.png,media.kscale.dev,/kscale-open-source-header.png,20241114195222,https://web.archive.org/web/20241114195222id_/https://media.kscale.dev/kscale-open-source-header.png,200,244767,binary,media.kscale.dev/kscale-open-source-header.png,,0,ok,
https://media.kscale.dev/stompy.png,media.kscale.dev,/stompy.png,20240603062000,https://web.archive.org/web/20240603062000id_/https://media.kscale.dev/stompy.png,200,973637,binary,media.kscale.dev/stompy.png,,0,ok,
http://notion.kscale.dev/,notion.kscale.dev,/,20250406122413,https://web.archive.org/web/20250406122413id_/http://notion.kscale.dev/,404,4195,,,,,error,wayback miss http 404
https://forum.kscale.dev/c/general/4,forum.kscale.dev,/c/general/4,20241009034433,https://web.archive.org/web/20241009034433id_/https://forum.kscale.dev/c/general/4,200,11668,thin,forum.kscale.dev/c/general/4/index.html,forum.kscale.dev/c/general/4/index.md,0,ok,
https://www.kscale.dev/research/efficient-vision-language-action-models,kscale.dev,/research/efficient-vision-language-action-models,20250319055403,https://web.archive.org/web/20250319055403id_/https://www.kscale.dev/research/efficient-vision-language-action-models,200,43980,article,kscale.dev/research/efficient-vision-language-action-models/index.html,kscale.dev/research/efficient-vision-language-action-models/index.md,0,ok,
https://www.kscale.dev/zbot,kscale.dev,/zbot,20250118035819,https://web.archive.org/web/20250118035819id_/https://www.kscale.dev/zbot,200,83635,thin,kscale.dev/zbot/index.html,kscale.dev/zbot/index.md,0,ok,
https://shop.kscale.dev/,shop.kscale.dev,/,20251206091722,https://web.archive.org/web/20251206091722id_/https://shop.kscale.dev/,200,154313,article,shop.kscale.dev/index.html,shop.kscale.dev/index.md,0,ok,
