full_name,size_kb,default_branch,gitattributes_http,lfsconfig_http,uses_lfs_root_gitattributes,lfs_patterns
kscalelabs/kbot,2189,master,404,404,no,
kscalelabs/docs,45269,master,404,404,no,
zeroth-robotics/zeroth-bot,71791,main,404,404,no,
zeroth-robotics/docs,145580,main,404,404,no,
kscalelabs/ksim,28376,master,404,404,no,
kscalelabs/ksim-gym,90,master,404,404,no,
kscalelabs/kbot-models,59143,master,404,404,no,
kscalelabs/kos,455,master,404,404,no,
kscalelabs/firmware,367,master,404,404,no,
zeroth-robotics/hardware,20655,main,404,404,no,
kscalelabs/zeroth-bot,55914,main,404,404,no,
Justin-Riekehof/zeroth-01-build,80837,main,404,404,no,
kscalelabs/onshape,715,master,404,404,no,
kscalelabs/urdf2mjcf,2042,master,404,404,no,
kscalelabs/actuator,336,master,404,404,no,
kscalelabs/kinfer,221,master,404,404,no,
kscalelabs/kos-kbot,17678,master,404,404,no,
kscalelabs/kos-zbot,421,master,404,404,no,
kscalelabs/pyfirmware,505,master,404,404,no,
kscalelabs/robstride,28035,master,404,404,no,
kscalelabs/kscale,275,master,404,404,no,
kscalelabs/kscale-assets,346,master,200,404,yes,*.stl filter=lfs diff=lfs merge=lfs -text | *.obj filter=lfs diff=lfs merge=lfs -text
kscalelabs/firmware-legacy,7350,master,404,404,no,
kscalelabs/ksim-gym-zbot,2381,master,200,404,yes,*.bin filter=lfs diff=lfs merge=lfs -text | *.pb filter=lfs diff=lfs merge=lfs -text | *.index filter=lfs diff=lfs merge=lfs -text | *.data* filter=lfs diff=lfs merge=lfs -text | *.kinfer filter=lfs diff=lfs merge=lfs -text
kscalelabs/kbot-joystick,56531,master,404,404,no,
kscalelabs/kinfer-sim,12437,master,200,404,yes,*.kinfer filter=lfs diff=lfs merge=lfs -text
kscalelabs/kos-sim,24342,master,200,404,yes,*.onnx filter=lfs diff=lfs merge=lfs -text
kscalelabs/sim,256392,master,404,404,no,
kscalelabs/ksim-kbot,293192,master,404,404,no,
kscalelabs/power-board,139,master,404,404,no,
kscalelabs/kbot-pwrbrd,29,master,404,404,no,
kscalelabs/motor-controller,69061,main,404,404,no,
kscalelabs/robot-reference-diagrams,4133,master,404,404,no,
kscalelabs/imu,3702,master,404,404,no,
kscalelabs/mujoco-scenes,6675,master,404,404,no,
kscalelabs/kbot_deployment,49,master,404,404,no,
kscalelabs/kbot_vr_teleop,129687,main,404,404,no,
kscalelabs/kteleop,108098,master,200,404,yes,*.memmap filter=lfs diff=lfs merge=lfs -text | *.stl filter=lfs diff=lfs merge=lfs -text | *.safetensors filter=lfs diff=lfs merge=lfs -text | *.mp4 filter=lfs diff=lfs merge=lfs -text | *.arrow filter=lfs diff=lfs merge=lfs -text | tests/artifacts/cameras/*.png filter=lfs diff=lfs merge=lfs -text | *.bag filter=lfs diff=lfs merge=lfs -text
kscalelabs/kbot-inference,2900,master,200,404,yes,*.npy filter=lfs diff=lfs merge=lfs -text | *.csv filter=lfs diff=lfs merge=lfs -text | *.onnx filter=lfs diff=lfs merge=lfs -text | *.png filter=lfs diff=lfs merge=lfs -text | *.npz filter=lfs diff=lfs merge=lfs -text
zeroth-robotics/client-py,39,main,404,404,no,
zeroth-robotics/quickstart,8,main,404,404,no,
kscalelabs/api-docs,287,master,404,404,no,
kscalelabs/rdme-docs,754,v1.0,404,404,no,
kscalelabs/ksim-legacy,46368,master,404,404,no,
kscalelabs/minppo,5881,master,404,not-checked,no,
kscalelabs/gym-kmanip,47192,main,404,404,no,
kscalelabs/teleop-old,45560,master,404,404,no,
kscalelabs/ksim_wasm,70502,master,404,404,no,
kscalelabs/mujoco_playground,12648,master,404,not-checked,no,
kscalelabs/kscale-mujoco-viewer,103,master,404,not-checked,no,
kscalelabs/meshsimplify,9,master,404,not-checked,no,
kscalelabs/genesis_playground,39792,master,404,404,no,
kscalelabs/full-autonomy,691,master,404,not-checked,no,
kscalelabs/krecviz,24431,master,404,not-checked,no,
kscalelabs/dpshdl,86,master,404,not-checked,no,
kscalelabs/klang,71,master,404,not-checked,no,
kscalelabs/nanoppo,1361,master,404,not-checked,no,
kscalelabs/min-consistency-models,621,master,404,not-checked,no,
kscalelabs/gstreamer,134,master,404,not-checked,no,
kscalelabs/skillit,521,master,404,not-checked,no,
kscalelabs/ksim-zbot,439,master,404,not-checked,no,
kscalelabs/ksim-mimic,130,master,404,not-checked,no,
kscalelabs/kplot,58,master,404,not-checked,no,
kscalelabs/motor-flasher,19331,master,404,not-checked,no,
kscalelabs/lekbot_vla_data,10346,master,404,not-checked,no,
kscalelabs/digital-twin,85,master,404,not-checked,no,
kscalelabs/colorlogging,44,master,404,not-checked,no,
kscalelabs/pro-walking-hack,53756,master,404,404,no,
kscalelabs/klab,22756,master,200,not-checked,yes,*.usd filter=lfs diff=lfs merge=lfs -text | *.dae filter=lfs diff=lfs merge=lfs -text | *.mtl filter=lfs diff=lfs merge=lfs -text | *.obj filter=lfs diff=lfs merge=lfs -text | *.gif filter=lfs diff=lfs merge=lfs -text | *.png filter=lfs diff=lfs merge=lfs -text | *.jpg filter=lfs diff=lfs merge=lfs -text | *.psd filter=lfs diff=lfs merge=lfs -text | *.mp4 filter=lfs diff=lfs merge=lfs -text | *.usda filter=lfs diff=lfs merge=lfs -text | *.hdr filter=lfs diff=lfs merge=lfs -text | *.pt filter=lfs diff=lfs merge=lfs -text | *.jit filter=lfs diff=lfs merge=lfs -text
kscalelabs/kinfer-kbot,123,master,200,not-checked,yes,*.kinfer filter=lfs diff=lfs merge=lfs -text
kscalelabs/krec,99,master,404,not-checked,no,
kscalelabs/kodachrome,55,master,404,not-checked,no,
kscalelabs/kmotions,51,master,404,not-checked,no,
kscalelabs/mujoco-animator,45,master,404,not-checked,no,
kscalelabs/arm-teleop,44,master,404,not-checked,no,
kscalelabs/ksim-zbot-motion,43,master,404,not-checked,no,
kscalelabs/zbot-policy-walking,38,master,404,not-checked,no,
kscalelabs/ksim-dancing,19,master,404,not-checked,no,
kscalelabs/wiki-bot,18,master,404,not-checked,no,
kscalelabs/motor-commands,4,main,404,not-checked,no,
kscalelabs/arduino-eyes,3,master,404,not-checked,no,
kscalelabs/driver-imu-hiwonder,1,master,404,not-checked,no,
kscalelabs/driver-servo-robstride,1,master,404,not-checked,no,
zeroth-robotics/zeroth-frontend,665153,main,404,404,no,
kscalelabs/sysid,394916,master,404,404,no,
zeroth-robotics/cvi-camera,36953,main,404,404,no,
kscalelabs/logo,8969,master,404,not-checked,no,
kscalelabs/zbot-unit-tests,8017,master,200,not-checked,yes,*.mp4 filter=lfs diff=lfs merge=lfs -text | *.onnx filter=lfs diff=lfs merge=lfs -text
kscalelabs/kbotv2_teleop,6088,master,404,not-checked,no,
kscalelabs/klog,3901,master,404,not-checked,no,
kscalelabs/linguaphoto,2487,master,404,not-checked,no,
kscalelabs/kmotion,2186,master,404,not-checked,no,
kscalelabs/store-deps,1116,master,404,not-checked,no,
kscalelabs/kinfer-evals,1037,master,404,not-checked,no,
kscalelabs/.github,396,master,404,not-checked,no,
kscalelabs/kinfer-unit-tests,228,master,404,not-checked,no,
kscalelabs/ksim-gym-saw,104,master,404,not-checked,no,
kscalelabs/pipify,47,master,404,not-checked,no,
kscalelabs/kbot-dance,41,master,404,not-checked,no,
kscalelabs/kos-embassy,29,master,404,not-checked,no,
kscalelabs/hiwonderimu,29,master,404,not-checked,no,
kscalelabs/discord-bot,28,master,404,not-checked,no,
kscalelabs/berryimu,27,master,404,not-checked,no,
kscalelabs/zbot-policy-1foot,27,master,404,not-checked,no,
kscalelabs/sim-game,23,master,404,not-checked,no,
kscalelabs/puppet_teleop,18,master,404,not-checked,no,
kscalelabs/python_package_template,17,master,404,not-checked,no,
kscalelabs/motostandup,16,master,404,not-checked,no,
zeroth-robotics/dashboard,7,main,404,not-checked,no,
kscalelabs/gstreamer-webrtc,6,master,404,not-checked,no,
kscalelabs/getting-started,5,master,404,not-checked,no,
kscalelabs/mokap,5,master,404,not-checked,no,
kscalelabs/feetech-sniffer,4,master,404,not-checked,no,
kscalelabs/zbot-policy-classical,3,master,404,not-checked,no,
kscalelabs/bounties,2,master,404,not-checked,no,
zeroth-robotics/.github,2,main,404,not-checked,no,
kscalelabs/ksim-zbot-motions,0,master,404,not-checked,no,
kscalelabs/kos-rpi-firmware,0,master,404,not-checked,no,
kscalelabs/webrtc-with-auth,0,master,404,not-checked,no,
kscalelabs/k-voice,0,master,404,not-checked,no,
kscalelabs/evla,265,main,404,not-checked,no,
kscalelabs/ktune,9015,main,404,not-checked,no,
kscalelabs/humanoid-gym,35953,main,200,404,yes,*.dae filter=lfs diff=lfs merge=lfs -text | *.obj filter=lfs diff=lfs merge=lfs -text
zeroth-robotics/sim,117195,master,404,404,no,
kscalelabs/IsaacLab,150192,main,200,404,yes,*.usd filter=lfs diff=lfs merge=lfs -text | *.usda filter=lfs diff=lfs merge=lfs -text | *.psd filter=lfs diff=lfs merge=lfs -text | *.hdr filter=lfs diff=lfs merge=lfs -text | *.dae filter=lfs diff=lfs merge=lfs -text | *.mtl filter=lfs diff=lfs merge=lfs -text | *.obj filter=lfs diff=lfs merge=lfs -text | *.gif filter=lfs diff=lfs merge=lfs -text | *.mp4 filter=lfs diff=lfs merge=lfs -text | *.pt filter=lfs diff=lfs merge=lfs -text | *.jit filter=lfs diff=lfs merge=lfs -text | *.hdf5 filter=lfs diff=lfs merge=lfs -text
zeroth-robotics/bam-feetech,5317,main,404,not-checked,no,
zeroth-robotics/buildroot,1120713,develop,404,404,no,
kscalelabs/gym-stompy,815,main,404,not-checked,no,
kscalelabs/ManiSkill,300035,main,404,404,no,
kscalelabs/lerobot,100351,main,200,404,yes,*.memmap filter=lfs diff=lfs merge=lfs -text | *.stl filter=lfs diff=lfs merge=lfs -text | *.safetensors filter=lfs diff=lfs merge=lfs -text | *.mp4 filter=lfs diff=lfs merge=lfs -text | *.arrow filter=lfs diff=lfs merge=lfs -text
kscalelabs/loco-mujoco,173880,master,200,404,yes,*.gif filter=lfs diff=lfs merge=lfs -text | *.jpg filter=lfs diff=lfs merge=lfs -text
kscalelabs/toddlerbot,92898,main,404,404,no,
kscalelabs/robot-web-viewer,51313,main,404,404,no,
kscalelabs/skrl,8100,main,404,not-checked,no,
kscalelabs/zbot-joystick,0,master,404,not-checked,no,
kscalelabs/zbot-web-frontend,772361,master,404,404,no,
kscalelabs/mujoco_menagerie,423224,main,404,404,no,
kscalelabs/HoST,235851,main,404,404,no,
kscalelabs/buildroot,142141,master,404,404,no,
kscalelabs/Genesis,92457,main,200,404,no,
kscalelabs/tonic-milkv,82100,master,404,404,no,
kscalelabs/kbot-unit-tests,40663,master,200,404,yes,*.mp4 filter=lfs diff=lfs merge=lfs -text | *.onnx filter=lfs diff=lfs merge=lfs -text
kscalelabs/mujoco_playground_fork,27125,main,404,404,no,
kscalelabs/HOVER,5597,main,200,not-checked,yes,*.usd filter=lfs diff=lfs merge=lfs -text | *.dae filter=lfs diff=lfs merge=lfs -text | *.mtl filter=lfs diff=lfs merge=lfs -text | *.obj filter=lfs diff=lfs merge=lfs -text | *.gif filter=lfs diff=lfs merge=lfs -text | *.png filter=lfs diff=lfs merge=lfs -text | *.jpg filter=lfs diff=lfs merge=lfs -text | *.psd filter=lfs diff=lfs merge=lfs -text | *.mp4 filter=lfs diff=lfs merge=lfs -text | *.usda filter=lfs diff=lfs merge=lfs -text | *.hdr filter=lfs diff=lfs merge=lfs -text | *.pt filter=lfs diff=lfs merge=lfs -text | *.jit filter=lfs diff=lfs merge=lfs -text | neural_wbc/data/data/policy/
kscalelabs/meta-meson,3018,master,404,not-checked,no,
kscalelabs/rsl_rl,116,master,404,not-checked,no,
