full_name,upstream_url,fork,parent,default_branch,default_branch_sha,captured_at,history,history_method,bundle_bytes,lfs,lfs_archive_bytes,snapshot,license_files,license_detected_from_text,github_license_spdx,notes
kscalelabs/kbot,https://github.com/kscalelabs/kbot,False,,master,76aba70e3372fecf3583ed6dbe5f379d44c8511c,2026-09-28T17:52:43Z,yes,git-bundle-all-refs,2238263,n.a.,0,yes,LICENSE; LICENSE-HW,LICENSE:MIT; LICENSE-HW:CERN-OHL-S,MIT,Repo has .gitmodules. Submodule commits were not vendored; submodule URLs remain in the tree.
kscalelabs/docs,https://github.com/kscalelabs/docs,False,,master,d4ca00ddc760197661d66495d0793b85dd31bea8,2026-09-28T17:52:43Z,yes,git-bundle-all-refs,45532246,n.a.,0,yes,,,,
zeroth-robotics/zeroth-bot,https://github.com/zeroth-robotics/zeroth-bot,False,,main,97bf404c26ed10253e8426ff797a6a1ad3dc3b24,2026-09-28T17:52:43Z,yes,git-bundle-all-refs,77347455,n.a.,0,yes,LICENSE,LICENSE:MIT,MIT,Repo has .gitmodules. Submodule commits were not vendored; submodule URLs remain in the tree.
zeroth-robotics/docs,https://github.com/zeroth-robotics/docs,False,,main,4b8db2311228a445c9d0d6264e02f3a8b102831c,2026-09-28T17:52:43Z,yes,git-bundle-all-refs,148947154,n.a.,0,no,LICENSE,LICENSE:MIT,MIT,
kscalelabs/ksim,https://github.com/kscalelabs/ksim,False,,master,52265b581b7268758a2cf77234c70e2559087365,2026-09-28T17:52:43Z,yes,git-bundle-all-refs,31200850,n.a.,0,yes,LICENSE,LICENSE:MIT,MIT,
kscalelabs/ksim-gym,https://github.com/kscalelabs/ksim-gym,False,,master,60f49a75de2dd3dcd50a3bdb571c199f6e6e539b,2026-09-28T17:52:43Z,yes,git-bundle-all-refs,2717899,n.a.,0,yes,LICENSE,LICENSE:MIT,MIT,
kscalelabs/kbot-models,https://github.com/kscalelabs/kbot-models,False,,master,08defcedcdd3360f555c250a111f67eb39cbd778,2026-09-28T17:52:43Z,yes,git-bundle-all-refs,60570642,n.a.,0,yes,LICENSE,LICENSE:MIT,MIT,
kscalelabs/kos,https://github.com/kscalelabs/kos,False,,master,af7b3084cd0c4f844d5270cd21b90749a26c8313,2026-09-28T17:52:43Z,yes,git-bundle-all-refs,581237,n.a.,0,yes,LICENSE,LICENSE:MIT,MIT,Repo has .gitmodules. Submodule commits were not vendored; submodule URLs remain in the tree.
kscalelabs/firmware,https://github.com/kscalelabs/firmware,False,,master,d9a225a315b01a6d154a791dd535619097ebe744,2026-09-28T17:52:43Z,yes,git-bundle-all-refs,414703,n.a.,0,yes,LICENSE,LICENSE:MIT,MIT,
zeroth-robotics/hardware,https://github.com/zeroth-robotics/hardware,False,,main,8ec6dfe4b44d3f99a1d39726c7996d47ff0a72ff,2026-09-28T17:52:43Z,yes,git-bundle-all-refs,21151046,n.a.,0,yes,,,,
kscalelabs/zeroth-bot,https://github.com/kscalelabs/zeroth-bot,True,zeroth-robotics/zeroth-bot,main,6b23c102127e813eddd22f6f1a464bd0b043dd68,2026-09-28T17:52:43Z,yes,contained-in-archived-parent,0,n.a.,0,no,LICENSE,LICENSE:MIT,MIT,"Every branch and tag commit is already in zeroth-robotics/zeroth-bot, which is fully bundled in this archive. Fork tip 6b23c102127e813eddd22f6f1a464bd0b043dd68 is recorded here; clone the parent bundle and check it out."
Justin-Riekehof/zeroth-01-build,https://github.com/Justin-Riekehof/zeroth-01-build,False,,main,85f4fa20c7cfca49ce76405da4867ddb7e0d718d,2026-09-28T17:52:43Z,yes,git-bundle-all-refs,82780389,n.a.,0,yes,LICENSE; src/servo_gui/static/vendor/three-0.160.1/LICENSE,LICENSE:MIT; src/servo_gui/static/vendor/three-0.160.1/LICENSE:MIT,MIT,
kscalelabs/onshape,https://github.com/kscalelabs/onshape,False,,master,8e054626049179102df80790ce06af53d9fc121a,2026-09-28T17:52:43Z,yes,git-bundle-all-refs,1047498,n.a.,0,yes,LICENSE,LICENSE:MIT,MIT,
kscalelabs/urdf2mjcf,https://github.com/kscalelabs/urdf2mjcf,False,,master,7954f8b2ba6591cd2666f3b485486819f5aed655,2026-09-28T17:52:43Z,yes,git-bundle-all-refs,18358437,n.a.,0,yes,LICENSE,LICENSE:MIT,MIT,
kscalelabs/actuator,https://github.com/kscalelabs/actuator,False,,master,01c8f989b01fe6ed581e7d20bd6ada095928ed35,2026-09-28T17:52:43Z,yes,git-bundle-all-refs,532197,n.a.,0,yes,LICENSE,LICENSE:MIT,MIT,
kscalelabs/kinfer,https://github.com/kscalelabs/kinfer,False,,master,0a3d8bf7d1a52b04cd146dab1eceebfd0c48c699,2026-09-28T17:52:43Z,yes,git-bundle-all-refs,2457185,n.a.,0,yes,LICENSE,LICENSE:MIT,MIT,
kscalelabs/kos-kbot,https://github.com/kscalelabs/kos-kbot,False,,master,00fea353dd058a4d84c6897bfc27fde92c165f6e,2026-09-28T17:52:43Z,yes,git-bundle-all-refs,18149321,n.a.,0,yes,LICENSE,LICENSE:MIT,MIT,
kscalelabs/kos-zbot,https://github.com/kscalelabs/kos-zbot,False,,master,fce28827aad2abfa308576e24a95621b41302a6a,2026-09-28T17:52:43Z,yes,git-bundle-all-refs,481780,n.a.,0,yes,,,,Repo has .gitmodules. Submodule commits were not vendored; submodule URLs remain in the tree.
kscalelabs/pyfirmware,https://github.com/kscalelabs/pyfirmware,False,,master,401bcc09873205fabfd720ea67e5eefc22dd71ce,2026-09-28T17:52:43Z,yes,git-bundle-all-refs,638976,n.a.,0,yes,LICENSE,LICENSE:MIT,MIT,
kscalelabs/robstride,https://github.com/kscalelabs/robstride,False,,master,eaba0e9a98bd39e7cc464bf6ca0d9f23b57e34d1,2026-09-28T17:52:43Z,yes,git-bundle-all-refs,28707542,n.a.,0,yes,LICENSE,LICENSE:MIT,MIT,
kscalelabs/kscale,https://github.com/kscalelabs/kscale,False,,master,2afc534531a50a1ad31c6a794b34daa450196373,2026-09-28T17:52:43Z,yes,git-bundle-all-refs,403583,n.a.,0,yes,LICENSE,LICENSE:MIT,MIT,
kscalelabs/kscale-assets,https://github.com/kscalelabs/kscale-assets,False,,master,f51d6ea19b8b824dd7661600c7a87f3691f770be,2026-09-28T17:52:43Z,yes,git-bundle-all-refs,393936,yes,150231040,yes,,,,Snapshot working tree includes fetched LFS objects (pointers checked out).
kscalelabs/firmware-legacy,https://github.com/kscalelabs/firmware-legacy,False,,master,56a43e47ec825f64dc2470c7a2884ec4e540cfdb,2026-09-28T17:52:43Z,yes,git-bundle-all-refs,7688113,n.a.,0,yes,LICENSE,LICENSE:MIT,MIT,Repo has .gitmodules. Submodule commits were not vendored; submodule URLs remain in the tree.
kscalelabs/ksim-gym-zbot,https://github.com/kscalelabs/ksim-gym-zbot,False,,master,a48211269a2d729d58bc770e3fb832ac2f9dd9cd,2026-09-28T17:52:43Z,yes,git-bundle-all-refs,2396651,no,2017280,yes,LICENSE,LICENSE:MIT,MIT,Snapshot working tree includes fetched LFS objects (pointers checked out). | Git LFS fetch stored 1 of 2 objects (about 2 MB). The other object returns HTTP 404 from GitHub LFS and was not recoverable.
kscalelabs/kbot-joystick,https://github.com/kscalelabs/kbot-joystick,False,,master,211f9a2e430d1dfbdc04e3f308614a829e14e559,2026-09-28T17:52:43Z,yes,git-bundle-all-refs,78619715,n.a.,0,no,LICENSE,LICENSE:MIT,MIT,
kscalelabs/kinfer-sim,https://github.com/kscalelabs/kinfer-sim,False,,master,033c8f926940cb7ed9bb3c8aede56e3209236613,2026-09-28T17:52:43Z,yes,git-bundle-all-refs,12850484,yes,16619520,yes,LICENSE,LICENSE:MIT,MIT,Snapshot working tree includes fetched LFS objects (pointers checked out).
kscalelabs/kos-sim,https://github.com/kscalelabs/kos-sim,False,,master,dd44e1ba6a19ec4746f39c6c383b82da86d8e170,2026-09-28T17:52:43Z,yes,git-bundle-all-refs,25011156,yes,5529600,yes,LICENSE,LICENSE:MIT,MIT,Snapshot working tree includes fetched LFS objects (pointers checked out).
kscalelabs/sim,https://github.com/kscalelabs/sim,False,,master,e03e74d83a513ccc32ca34a7b100f39a9fadc9b9,2026-09-28T17:52:43Z,yes,git-bundle-all-refs,348843100,n.a.,0,no,LICENSE; third_party/expressive_humanoid/LICENSE,LICENSE:MIT; third_party/expressive_humanoid/LICENSE:unrecognized,MIT,Repo has .gitmodules. Submodule commits were not vendored; submodule URLs remain in the tree.
kscalelabs/ksim-kbot,https://github.com/kscalelabs/ksim-kbot,False,,master,517eae9d8fd7a20fe3196f972d3dc7ad0ec14bc0,2026-09-28T17:52:43Z,yes,git-bundle-all-refs,308740604,n.a.,0,no,LICENSE,LICENSE:MIT,MIT,Repo has .gitmodules. Submodule commits were not vendored; submodule URLs remain in the tree.
kscalelabs/power-board,https://github.com/kscalelabs/power-board,False,,master,6d0ffc61a09be81a8e80808064236d6a9092b6b7,2026-09-28T17:52:43Z,yes,git-bundle-all-refs,142537,n.a.,0,yes,,,,
kscalelabs/kbot-pwrbrd,https://github.com/kscalelabs/kbot-pwrbrd,False,,master,33c481f4c56d7e8fc804134c274896e08ca87f24,2026-09-28T17:52:43Z,yes,git-bundle-all-refs,17273,n.a.,0,yes,,,,
kscalelabs/motor-controller,https://github.com/kscalelabs/motor-controller,False,,main,61386e450c3429dd773ad6d1ad0408efe967415b,2026-09-28T17:52:43Z,yes,git-bundle-all-refs,70748900,n.a.,0,no,pcb/high-power/EtherCATControllerHP/Libs/Samtec/License.txt; pcb/low-power/EtherCATControllerLP/Libs/Samtec/License.txt; pcb/low-power/EtherCATSTM32/Libs/Samtec/License.txt; pcb/low-power/IOBoard/Libs/Samtec/License.txt,pcb/high-power/EtherCATControllerHP/Libs/Samtec/License.txt:unrecognized; pcb/low-power/EtherCATControllerLP/Libs/Samtec/License.txt:unrecognized; pcb/low-power/EtherCATSTM32/Libs/Samtec/License.txt:unrecognized; pcb/low-power/IOBoard/Libs/Samtec/License.txt:unrecognized,,
kscalelabs/robot-reference-diagrams,https://github.com/kscalelabs/robot-reference-diagrams,False,,master,352325299507686b980f653b0d29e66ee1022fa4,2026-09-28T17:52:43Z,yes,git-bundle-all-refs,4233252,n.a.,0,yes,,,,
kscalelabs/imu,https://github.com/kscalelabs/imu,False,,master,ee33350efa815c72686861f8c521354e4489dcf6,2026-09-28T17:52:43Z,yes,git-bundle-all-refs,4005796,n.a.,0,yes,LICENSE,LICENSE:MIT,MIT,
kscalelabs/mujoco-scenes,https://github.com/kscalelabs/mujoco-scenes,False,,master,b221b813765a918df274efde798a0e488de7b8c2,2026-09-28T17:52:43Z,yes,git-bundle-all-refs,7017622,n.a.,0,yes,LICENSE,LICENSE:MIT,MIT,
kscalelabs/kbot_deployment,https://github.com/kscalelabs/kbot_deployment,False,,master,51fbee399effbf14f7eef3a5546a73d61a2ec02d,2026-09-28T17:52:43Z,yes,git-bundle-all-refs,39045,n.a.,0,yes,,,,
kscalelabs/kbot_vr_teleop,https://github.com/kscalelabs/kbot_vr_teleop,False,,main,4d6e712232539d298fff7fc8f17388fc37299bf2,2026-09-28T17:52:43Z,yes,git-bundle-all-refs,131860232,n.a.,0,no,LICENSE,LICENSE:MIT,MIT,
kscalelabs/kteleop,https://github.com/kscalelabs/kteleop,False,,master,d21d673f77d67b21a678480a686d10536892158f,2026-09-28T17:52:43Z,yes,git-bundle-all-refs,110644648,no,0,yes,LICENSE,LICENSE:Apache-2.0,Apache-2.0,"Git history bundle is complete (all branches). | Git LFS: 870 pointer objects, about 3.5 GB, all returned HTTP 404 from GitHub LFS on 2026-09-28. A retry of `git lfs fetch --all` downloaded 0 bytes. The same OIDs also 404 on huggingface/lerobot and kscalelabs/lerobot. Paths are LeRobot test fixtures (tests/ and lerobot/common/envs), not separate K-Scale recordings. Pointer files remain in the bundle and in the snapshot."
kscalelabs/kbot-inference,https://github.com/kscalelabs/kbot-inference,False,,master,9c7e382115c91a32851530e6e114b04ba54d5a42,2026-09-28T17:52:43Z,yes,git-bundle-all-refs,4684891,yes,36423680,yes,,,,Snapshot working tree includes fetched LFS objects (pointers checked out).
zeroth-robotics/client-py,https://github.com/zeroth-robotics/client-py,False,,main,30811d4041ec7d5de0d45847b4746cd21d9d388e,2026-09-28T17:52:43Z,yes,git-bundle-all-refs,51581,n.a.,0,yes,LICENSE,LICENSE:MIT,MIT,
zeroth-robotics/quickstart,https://github.com/zeroth-robotics/quickstart,False,,main,de99e39d241b36949e9b611b8076cfd74e2caa85,2026-09-28T17:52:43Z,yes,git-bundle-all-refs,8600,n.a.,0,yes,,,,
kscalelabs/api-docs,https://github.com/kscalelabs/api-docs,False,,master,f9cd24f37d02acc8ef9fefa0ea338396ee586cf1,2026-09-28T17:52:43Z,yes,git-bundle-all-refs,241845,n.a.,0,yes,,,,
kscalelabs/rdme-docs,https://github.com/kscalelabs/rdme-docs,False,,v1.0,ecfe8da5c987c93873bfa4efcda0feb9456a7645,2026-09-28T17:52:43Z,yes,git-bundle-all-refs,731688,n.a.,0,yes,,,,
kscalelabs/ksim-legacy,https://github.com/kscalelabs/ksim-legacy,False,,master,c1b92feabeab90ad1ecd2c7ff8b6beb4b7a30652,2026-09-28T17:52:43Z,yes,git-bundle-all-refs,69325581,n.a.,0,no,LICENSE,LICENSE:MIT,MIT,
kscalelabs/minppo,https://github.com/kscalelabs/minppo,False,,master,29169ba71d555f5b477f3a1991b19c15ee77abc1,2026-09-28T17:52:43Z,yes,git-bundle-all-refs,12673007,n.a.,0,yes,LICENSE,LICENSE:MIT,MIT,
kscalelabs/gym-kmanip,https://github.com/kscalelabs/gym-kmanip,False,,main,bcd859c9fa2fefbedfc23baf5794dc4f37afd248,2026-09-28T17:52:43Z,yes,git-bundle-all-refs,48321251,n.a.,0,no,LICENSE,LICENSE:MIT,MIT,
kscalelabs/teleop-old,https://github.com/kscalelabs/teleop-old,False,,master,8d1818cb303b26e234307a99b1bff65dad93d140,2026-09-28T17:52:43Z,yes,git-bundle-all-refs,61391988,n.a.,0,no,LICENSE,LICENSE:MIT,MIT,Repo has .gitmodules. Submodule commits were not vendored; submodule URLs remain in the tree.
kscalelabs/ksim_wasm,https://github.com/kscalelabs/ksim_wasm,False,,master,8ecc6a6d64e6d23e2288e087b4e4db789d71eae2,2026-09-28T17:52:43Z,yes,git-bundle-all-refs,72204165,n.a.,0,no,LICENSE; examples/scenes/agility_cassie/LICENSE; examples/scenes/shadow_hand/LICENSE,LICENSE:MIT; examples/scenes/agility_cassie/LICENSE:MIT; examples/scenes/shadow_hand/LICENSE:Apache-2.0,MIT,
kscalelabs/mujoco_playground,https://github.com/kscalelabs/mujoco_playground,False,,master,9762ac537cf8d03197ce8bfeaf116f56687f3c19,2026-09-28T17:52:43Z,yes,git-bundle-all-refs,14471829,n.a.,0,yes,LICENSE,LICENSE:MIT,MIT,
kscalelabs/kscale-mujoco-viewer,https://github.com/kscalelabs/kscale-mujoco-viewer,False,,master,0c717313e5fcfb7471c4d93bca8f8c1929603527,2026-09-28T17:52:43Z,yes,git-bundle-all-refs,301885,n.a.,0,yes,LICENSE,LICENSE:MIT,MIT,
kscalelabs/meshsimplify,https://github.com/kscalelabs/meshsimplify,False,,master,adffc0d4bfb0740487e5032d2091326733963361,2026-09-28T17:52:43Z,yes,git-bundle-all-refs,9487,n.a.,0,yes,LICENSE,LICENSE:MIT,MIT,
kscalelabs/genesis_playground,https://github.com/kscalelabs/genesis_playground,False,,master,754f0cb906a41e5d89b3f2f8303674c1be82dc1c,2026-09-28T17:52:43Z,yes,git-bundle-all-refs,40745547,n.a.,0,no,LICENSE,LICENSE:MIT,MIT,
kscalelabs/full-autonomy,https://github.com/kscalelabs/full-autonomy,False,,master,eb9f0e7068cb647826f035b0a7f1a9f98e8722bb,2026-09-28T17:52:43Z,yes,git-bundle-all-refs,707666,n.a.,0,yes,,,,
kscalelabs/krecviz,https://github.com/kscalelabs/krecviz,False,,master,b28d5135f5e14edd1f4f0e0ddd736cf6afb0ac76,2026-09-28T17:52:43Z,yes,git-bundle-all-refs,25063629,n.a.,0,yes,LICENSE,LICENSE:MIT,MIT,
kscalelabs/dpshdl,https://github.com/kscalelabs/dpshdl,False,,master,9a138d8736e0c07a9c3c6b81d18a195414a621a3,2026-09-28T17:52:43Z,yes,git-bundle-all-refs,106636,n.a.,0,yes,LICENSE,LICENSE:MIT,MIT,
kscalelabs/klang,https://github.com/kscalelabs/klang,False,,master,590d98e7d492f068e3e3eff4d74202d36df5bb96,2026-09-28T17:52:43Z,yes,git-bundle-all-refs,87659,n.a.,0,yes,,,,
kscalelabs/nanoppo,https://github.com/kscalelabs/nanoppo,False,,master,691a71fc4890b0d94334f8cf7d9f46b44607b1f6,2026-09-28T17:52:43Z,yes,git-bundle-all-refs,1344278,n.a.,0,yes,LICENSE,LICENSE:MIT,MIT,
kscalelabs/min-consistency-models,https://github.com/kscalelabs/min-consistency-models,False,,master,6e70eed5f41944793fb579de9046a6d28d4ddf4b,2026-09-28T17:52:43Z,yes,git-bundle-all-refs,639073,n.a.,0,yes,LICENSE,LICENSE:MIT,MIT,
kscalelabs/gstreamer,https://github.com/kscalelabs/gstreamer,False,,master,1c03748d6794150e52754ffa381dd2ad0e77294a,2026-09-28T17:52:43Z,yes,git-bundle-all-refs,137861,n.a.,0,yes,,,,
kscalelabs/skillit,https://github.com/kscalelabs/skillit,False,,master,5979e8e79a65e19b81554e4a43313b36eca20057,2026-09-28T17:52:43Z,yes,git-bundle-all-refs,630806,n.a.,0,yes,LICENSE,LICENSE:MIT,MIT,
kscalelabs/ksim-zbot,https://github.com/kscalelabs/ksim-zbot,False,,master,ed1ec5e51e07f8281787083ab76a1de63d2a5268,2026-09-28T17:52:43Z,yes,git-bundle-all-refs,405352,n.a.,0,yes,LICENSE,LICENSE:MIT,MIT,Repo has .gitmodules. Submodule commits were not vendored; submodule URLs remain in the tree.
kscalelabs/ksim-mimic,https://github.com/kscalelabs/ksim-mimic,False,,master,2d884e483bfa13e5ddce56f6fc5908f7fd9f7612,2026-09-28T17:52:43Z,yes,git-bundle-all-refs,46553,n.a.,0,yes,LICENSE,LICENSE:MIT,MIT,
kscalelabs/kplot,https://github.com/kscalelabs/kplot,False,,master,5650cb94bc97ee2eb59f189fb6a8d397e99b7f4d,2026-09-28T17:52:43Z,yes,git-bundle-all-refs,54070,n.a.,0,yes,LICENSE,LICENSE:MIT,MIT,
kscalelabs/motor-flasher,https://github.com/kscalelabs/motor-flasher,False,,master,5664f03724d58fc971dcb4d04577e01e05428ed3,2026-09-28T17:52:43Z,yes,git-bundle-all-refs,19795407,n.a.,0,yes,,,,
kscalelabs/lekbot_vla_data,https://github.com/kscalelabs/lekbot_vla_data,False,,master,2a8c22ab765d725d2a1744eb57bd620897aac758,2026-09-28T17:52:43Z,yes,git-bundle-all-refs,10594819,n.a.,0,yes,,,,
kscalelabs/digital-twin,https://github.com/kscalelabs/digital-twin,False,,master,af16a607dfd0f9a5d716e9682b27ce8ba8da67ee,2026-09-28T17:52:43Z,yes,git-bundle-all-refs,45620,n.a.,0,yes,LICENSE,LICENSE:MIT,MIT,
kscalelabs/colorlogging,https://github.com/kscalelabs/colorlogging,False,,master,c6047b7bdebb36d1dff0634e0a9e151804d1166b,2026-09-28T17:52:43Z,yes,git-bundle-all-refs,43152,n.a.,0,yes,LICENSE,LICENSE:MIT,MIT,
kscalelabs/pro-walking-hack,https://github.com/kscalelabs/pro-walking-hack,False,,master,01c131ab77718369fb4de04b39e7cd4be2cfd52c,2026-09-28T17:52:43Z,yes,git-bundle-all-refs,55017807,n.a.,0,no,,,,
kscalelabs/klab,https://github.com/kscalelabs/klab,False,,master,479e7feaf1b8e17784dc33f86fb3904f0bba4d0e,2026-09-28T17:52:43Z,yes,git-bundle-all-refs,23327990,yes,595445760,yes,,,,Repo has .gitmodules. Submodule commits were not vendored; submodule URLs remain in the tree. | Snapshot working tree includes fetched LFS objects (pointers checked out).
kscalelabs/kinfer-kbot,https://github.com/kscalelabs/kinfer-kbot,False,,master,d42492a1a50998e4bbb7e12054340b21645af4c1,2026-09-28T17:52:43Z,yes,git-bundle-all-refs,134079,yes,2017280,yes,LICENSE,LICENSE:MIT,MIT,Snapshot working tree includes fetched LFS objects (pointers checked out).
kscalelabs/krec,https://github.com/kscalelabs/krec,False,,master,d47e37c4cda6d54ba41cd3e4e8c0d64c991cb54b,2026-09-28T17:52:43Z,yes,git-bundle-all-refs,151499,n.a.,0,yes,LICENSE,LICENSE:MIT,MIT,
kscalelabs/kodachrome,https://github.com/kscalelabs/kodachrome,False,,master,e6b23a19387f6096c7af59ae4855294b9be1b425,2026-09-28T17:52:43Z,yes,git-bundle-all-refs,49949,n.a.,0,yes,LICENSE,LICENSE:MIT,MIT,
kscalelabs/kmotions,https://github.com/kscalelabs/kmotions,False,,master,258b63c50eeb8cb30cc75fcdd07d24812d401c38,2026-09-28T17:52:43Z,yes,git-bundle-all-refs,30293,n.a.,0,yes,LICENSE,LICENSE:MIT,MIT,
kscalelabs/mujoco-animator,https://github.com/kscalelabs/mujoco-animator,False,,master,ace02371120712bb1782ab2f6f3adad123a8d598,2026-09-28T17:52:43Z,yes,git-bundle-all-refs,57940,n.a.,0,yes,LICENSE,LICENSE:MIT,MIT,
kscalelabs/arm-teleop,https://github.com/kscalelabs/arm-teleop,False,,master,03ab8ca3f989c3284fdc71851029deb3f13c262c,2026-09-28T17:52:43Z,yes,git-bundle-all-refs,20398,n.a.,0,yes,LICENSE,LICENSE:MIT,MIT,
kscalelabs/ksim-zbot-motion,https://github.com/kscalelabs/ksim-zbot-motion,False,,master,cbb105a5d3ee97cac6d066750f0356e5023722ee,2026-09-28T17:52:43Z,yes,git-bundle-all-refs,35440,n.a.,0,yes,LICENSE,LICENSE:MIT,MIT,
kscalelabs/zbot-policy-walking,https://github.com/kscalelabs/zbot-policy-walking,False,,master,6d5f8e04eb5c9d61e96ea5f959f4fdcd38389310,2026-09-28T17:52:43Z,yes,git-bundle-all-refs,39126,n.a.,0,yes,LICENSE,LICENSE:MIT,MIT,
kscalelabs/ksim-dancing,https://github.com/kscalelabs/ksim-dancing,False,,master,b4678498f4bd1ae3c4979db75e577e176b27cfe4,2026-09-28T17:52:43Z,yes,git-bundle-all-refs,24107,n.a.,0,yes,LICENSE,LICENSE:MIT,MIT,
kscalelabs/wiki-bot,https://github.com/kscalelabs/wiki-bot,False,,master,27e07081495e6ac3b54a3b8e5bf0b014f07f31cb,2026-09-28T17:52:43Z,yes,git-bundle-all-refs,15902,n.a.,0,yes,LICENSE,LICENSE:MIT,MIT,
kscalelabs/motor-commands,https://github.com/kscalelabs/motor-commands,False,,main,157cc01f18c89c63473c97bb1745e43b853a969b,2026-09-28T17:52:43Z,yes,git-bundle-all-refs,4913,n.a.,0,yes,,,,
kscalelabs/arduino-eyes,https://github.com/kscalelabs/arduino-eyes,False,,master,141692cfcaa23f19ff74d687c5d27ba0b175f7ee,2026-09-28T17:52:43Z,yes,git-bundle-all-refs,3768,n.a.,0,yes,,,,
kscalelabs/driver-imu-hiwonder,https://github.com/kscalelabs/driver-imu-hiwonder,False,,master,cd6fe8b2e5d5ef1109712cfd24f0234eadb62504,2026-09-28T17:52:43Z,yes,git-bundle-all-refs,2127,n.a.,0,yes,LICENSE,LICENSE:MIT,MIT,
kscalelabs/driver-servo-robstride,https://github.com/kscalelabs/driver-servo-robstride,False,,master,b3341e2b1be0d87913c51090df503cd677c2b832,2026-09-28T17:52:43Z,yes,git-bundle-all-refs,2129,n.a.,0,yes,LICENSE,LICENSE:MIT,MIT,
zeroth-robotics/zeroth-frontend,https://github.com/zeroth-robotics/zeroth-frontend,False,,main,9964622a32911769bc3758de8e0c6f512a2fda3a,2026-09-28T17:52:43Z,yes,git-bundle-all-refs,680680111,n.a.,0,no,,,,
kscalelabs/sysid,https://github.com/kscalelabs/sysid,False,,master,af29fe7e9bd9c54afbfda820033ca4780c82c5f3,2026-09-28T17:52:43Z,yes,git-bundle-all-refs,404425107,n.a.,0,no,,,,
zeroth-robotics/cvi-camera,https://github.com/zeroth-robotics/cvi-camera,False,,main,0a2a8943fe29da38ad93ee08519f8c5222292a8a,2026-09-28T17:52:43Z,yes,git-bundle-all-refs,37840809,n.a.,0,no,,,,
kscalelabs/logo,https://github.com/kscalelabs/logo,False,,master,45ef0a26b84188ce17161eaaf642e74ade338f15,2026-09-28T17:52:43Z,yes,git-bundle-all-refs,9167909,n.a.,0,yes,LICENSE,LICENSE:MIT,MIT,
kscalelabs/zbot-unit-tests,https://github.com/kscalelabs/zbot-unit-tests,False,,master,fad9dcf65c0503a7a48b082111d025a9ee0c9bfb,2026-09-28T17:52:43Z,yes,git-bundle-all-refs,37702003,yes,88750080,yes,LICENSE,LICENSE:MIT,MIT,Snapshot working tree includes fetched LFS objects (pointers checked out).
kscalelabs/kbotv2_teleop,https://github.com/kscalelabs/kbotv2_teleop,False,,master,c06b5cb1759f4e610c74974adf338cabd82d0c2c,2026-09-28T17:52:43Z,yes,git-bundle-all-refs,6119222,n.a.,0,yes,,,,
kscalelabs/klog,https://github.com/kscalelabs/klog,False,,master,78937ca537466b34d9c36c3c1bf7fafd2201b6d6,2026-09-28T17:52:43Z,yes,git-bundle-all-refs,4003607,n.a.,0,yes,klog-robot/LICENSE; klog-server/LICENSE,klog-robot/LICENSE:MIT; klog-server/LICENSE:MIT,,
kscalelabs/linguaphoto,https://github.com/kscalelabs/linguaphoto,False,,master,efb02105d0a9eaa5fb05f506074e05589044e985,2026-09-28T17:52:43Z,yes,git-bundle-all-refs,1790724,n.a.,0,yes,,,,"The published bundle omits private_key.pem and linguaphoto/private_key.pem. Those files were committed on the public upstream and are not redistributed here. default_branch_sha is the upstream commit from before that removal, so it does not match this bundle's HEAD."
kscalelabs/kmotion,https://github.com/kscalelabs/kmotion,False,,master,59c4cbcb864298e739e4b59e7eecaf97e72bfe1c,2026-09-28T17:52:43Z,yes,git-bundle-all-refs,2239102,n.a.,0,yes,LICENSE,LICENSE:MIT,MIT,
kscalelabs/store-deps,https://github.com/kscalelabs/store-deps,False,,master,6d54d0fa6ea6ae1b3c2a5e5936bac474528231b5,2026-09-28T17:52:43Z,yes,git-bundle-all-refs,1143712,n.a.,0,yes,,,,
kscalelabs/kinfer-evals,https://github.com/kscalelabs/kinfer-evals,False,,master,2089ae41862e703ffc770dd74aa74806ed8c729a,2026-09-28T17:52:43Z,yes,git-bundle-all-refs,1080630,n.a.,0,yes,,,,
kscalelabs/.github,https://github.com/kscalelabs/.github,False,,master,342500b3ac1ecb7ec0b6203d4b199d38f8e466ba,2026-09-28T17:52:43Z,yes,git-bundle-all-refs,402835,n.a.,0,yes,,,,
kscalelabs/kinfer-unit-tests,https://github.com/kscalelabs/kinfer-unit-tests,False,,master,7d9aa3f43e3ab0a83b4dd7a2c239ab5e97bdabe7,2026-09-28T17:52:43Z,yes,git-bundle-all-refs,174862,n.a.,0,yes,LICENSE,LICENSE:MIT,MIT,
kscalelabs/ksim-gym-saw,https://github.com/kscalelabs/ksim-gym-saw,False,,master,d229e422abc7201856f74c0f34ed197eebe1e3d4,2026-09-28T17:52:43Z,yes,git-bundle-all-refs,40512,n.a.,0,yes,LICENSE,LICENSE:MIT,MIT,
kscalelabs/pipify,https://github.com/kscalelabs/pipify,False,,master,a2a50c148b3c7cc2738f1f45a241694d6f460cb5,2026-09-28T17:52:43Z,yes,git-bundle-all-refs,24016,n.a.,0,yes,LICENSE; pipify/template/LICENSE,LICENSE:MIT; pipify/template/LICENSE:MIT,MIT,
kscalelabs/kbot-dance,https://github.com/kscalelabs/kbot-dance,False,,master,0d9fe0653b4bcda188fe4065aad36d1ba3921846,2026-09-28T17:52:43Z,yes,git-bundle-all-refs,29820,n.a.,0,yes,LICENSE,LICENSE:MIT,MIT,
kscalelabs/kos-embassy,https://github.com/kscalelabs/kos-embassy,False,,master,7f36f4747ac4b72eb403917163569b3091f76781,2026-09-28T17:52:43Z,yes,git-bundle-all-refs,30321,n.a.,0,yes,LICENSE,LICENSE:MIT,MIT,
kscalelabs/hiwonderimu,https://github.com/kscalelabs/hiwonderimu,False,,master,0946f8846df136f5539a6dc67788f7ce5ec26097,2026-09-28T17:52:43Z,yes,git-bundle-all-refs,18213,n.a.,0,yes,,,,
kscalelabs/discord-bot,https://github.com/kscalelabs/discord-bot,False,,master,297866150eeaf9f6f22a063c96f5de7f5ac96dd8,2026-09-28T17:52:43Z,yes,git-bundle-all-refs,22173,n.a.,0,yes,LICENSE,LICENSE:MIT,MIT,
kscalelabs/berryimu,https://github.com/kscalelabs/berryimu,False,,master,197dc4a0a111e4f9c1b6b8f57d9189f4d0055810,2026-09-28T17:52:43Z,yes,git-bundle-all-refs,23458,n.a.,0,yes,LICENSE,LICENSE:MIT,MIT,
kscalelabs/zbot-policy-1foot,https://github.com/kscalelabs/zbot-policy-1foot,False,,master,3bbf64aa90ff00da8a2cef1b66bf31f1eac07d74,2026-09-28T17:52:43Z,yes,git-bundle-all-refs,33281,n.a.,0,yes,LICENSE,LICENSE:MIT,MIT,
kscalelabs/sim-game,https://github.com/kscalelabs/sim-game,False,,master,a75c8912cf940324ef2e10887b3a5d31d72d47ee,2026-09-28T17:52:43Z,yes,git-bundle-all-refs,23197,n.a.,0,yes,LICENSE,LICENSE:MIT,MIT,
kscalelabs/puppet_teleop,https://github.com/kscalelabs/puppet_teleop,False,,master,dc02c367316ed6873cce61b34ef4958eb8cb409d,2026-09-28T17:52:43Z,yes,git-bundle-all-refs,19247,n.a.,0,yes,,,,
kscalelabs/python_package_template,https://github.com/kscalelabs/python_package_template,False,,master,1374ab0f6e80cd4cb24933060dbbb9a70cefc5cb,2026-09-28T17:52:43Z,yes,git-bundle-all-refs,13340,n.a.,0,yes,LICENSE,LICENSE:MIT,MIT,
kscalelabs/motostandup,https://github.com/kscalelabs/motostandup,False,,master,a8b65b67ad4e45d2d628ca4e61430d8ba0eac60c,2026-09-28T17:52:43Z,yes,git-bundle-all-refs,14201,n.a.,0,yes,COPYING,COPYING:MIT,MIT,
zeroth-robotics/dashboard,https://github.com/zeroth-robotics/dashboard,False,,main,a7223e60786c203dca228f14996673831aed3a05,2026-09-28T17:52:43Z,yes,git-bundle-all-refs,7531,n.a.,0,yes,,,,
kscalelabs/gstreamer-webrtc,https://github.com/kscalelabs/gstreamer-webrtc,False,,master,10c4342101cb03c0177b6845445812db4c0ccbaf,2026-09-28T17:52:43Z,yes,git-bundle-all-refs,5628,n.a.,0,yes,,,,
kscalelabs/getting-started,https://github.com/kscalelabs/getting-started,False,,master,b2cfa635e044f27a363f973be26fd2aa530f5022,2026-09-28T17:52:43Z,yes,git-bundle-all-refs,6015,n.a.,0,yes,LICENSE,LICENSE:MIT,MIT,
kscalelabs/mokap,https://github.com/kscalelabs/mokap,False,,master,db3c2ab5de2b0ab4105c67021fcf911d7cc01cc4,2026-09-28T17:52:43Z,yes,git-bundle-all-refs,5735,n.a.,0,yes,LICENSE,LICENSE:MIT,MIT,
kscalelabs/feetech-sniffer,https://github.com/kscalelabs/feetech-sniffer,False,,master,7dd566e9f4e665eca940e11db6e8a10b4f4980a6,2026-09-28T17:52:43Z,yes,git-bundle-all-refs,4958,n.a.,0,yes,,,,
kscalelabs/zbot-policy-classical,https://github.com/kscalelabs/zbot-policy-classical,False,,master,781e0e509d8782f250d3f22cdb83868076240f8f,2026-09-28T17:52:43Z,yes,git-bundle-all-refs,3693,n.a.,0,yes,LICENSE,LICENSE:MIT,MIT,
kscalelabs/bounties,https://github.com/kscalelabs/bounties,False,,master,38e7a901b2bb14640b466a5a9e572589990509ab,2026-09-28T17:52:43Z,yes,git-bundle-all-refs,2906,n.a.,0,yes,,,,
zeroth-robotics/.github,https://github.com/zeroth-robotics/.github,False,,main,eae53a59576f8648ea1de16d40da80d5be6a9a04,2026-09-28T17:52:43Z,yes,git-bundle-all-refs,3026,n.a.,0,yes,,,,
kscalelabs/ksim-zbot-motions,https://github.com/kscalelabs/ksim-zbot-motions,False,,master,01b96ff5e989f0c2efe973fe474cc93eadd50994,2026-09-28T17:52:43Z,yes,git-bundle-all-refs,1023,n.a.,0,yes,,,,
kscalelabs/kos-rpi-firmware,https://github.com/kscalelabs/kos-rpi-firmware,False,,master,,2026-09-28T17:52:43Z,yes,empty-repository,0,n.a.,0,no,,,,"Upstream clone has no branches or tags, so git bundle refused to create an empty bundle. There is no history to restore."
kscalelabs/webrtc-with-auth,https://github.com/kscalelabs/webrtc-with-auth,False,,master,,2026-09-28T17:52:43Z,yes,empty-repository,0,n.a.,0,no,,,,"Upstream clone has no branches or tags, so git bundle refused to create an empty bundle. There is no history to restore."
kscalelabs/k-voice,https://github.com/kscalelabs/k-voice,False,,master,3e6cffb4183efc1afe8ad1e7f9f1327a777f72fa,2026-09-28T17:50:29Z,yes,git-bundle-all-refs,1001,n.a.,0,yes,,,,
kscalelabs/evla,https://github.com/kscalelabs/evla,True,openvla/openvla,main,e814a13e76d2b5625c8809596478c40364382346,2026-09-28T17:52:43Z,yes,git-bundle-all-refs,344899,n.a.,0,no,LICENSE,LICENSE:MIT,MIT,
kscalelabs/ktune,https://github.com/kscalelabs/ktune,True,nfreq/ktune,main,bcf6694512bdfacebeed0dc3108cecaa2a2449bb,2026-09-28T17:50:29Z,partial,upstream-pointer-no-unique-commits,0,n.a.,0,no,LICENSE,LICENSE:MIT,MIT,"Fork has no commits that are absent from nfreq/ktune (compare status identical, behind 0). Upstream still hosted this history on the capture date. Restore with: git clone https://github.com/nfreq/ktune.git && git checkout bcf6694512bdfacebeed0dc3108cecaa2a2449bb"
kscalelabs/humanoid-gym,https://github.com/kscalelabs/humanoid-gym,True,roboterax/humanoid-gym,main,7257b1cdd971e46a262d111780a687b0e288da8f,2026-09-28T17:52:43Z,yes,git-bundle-all-refs,36902419,yes,0,no,humanoid/envs/base/LICENSE,humanoid/envs/base/LICENSE:unrecognized,,"gitattributes tracks LFS, but no LFS objects were referenced."
zeroth-robotics/sim,https://github.com/zeroth-robotics/sim,True,kscalelabs/sim,master,3843e4cd25af9c160a33f86fb9a41ab17dd732b7,2026-09-28T17:52:43Z,yes,delta-bundle-of-diverging-refs,89154226,n.a.,0,no,LICENSE; third_party/expressive_humanoid/LICENSE,LICENSE:MIT; third_party/expressive_humanoid/LICENSE:unrecognized,MIT,"Repo has .gitmodules. Submodule commits were not vendored; submodule URLs remain in the tree. | Delta bundle contains commits not reachable from 3097ded77e0e50efde25db9860e0e62dff232f44. That base is in kscalelabs/sim, which is fully bundled in this archive, so the fork history is recoverable here."
kscalelabs/IsaacLab,https://github.com/kscalelabs/IsaacLab,True,isaac-sim/IsaacLab,main,9b33b9969a278de92939c520d1bc1d4f6f3a785d,2026-09-28T17:52:43Z,partial,delta-bundle-of-diverging-refs,110341830,yes,180787200,no,.github/LICENSE_HEADER.txt; .github/LICENSE_HEADER_MIMIC.txt; LICENSE; LICENSE-mimic; docs/source/refs/license.rst,.github/LICENSE_HEADER.txt:unrecognized; .github/LICENSE_HEADER_MIMIC.txt:unrecognized; LICENSE:unrecognized; LICENSE-mimic:Apache-2.0; docs/source/refs/license.rst:unrecognized,BSD-3-Clause,Delta bundle contains this fork's diverging commits and tags. Prerequisite 2f12bb9819b65e093dd8bfda315dede4150b2110 must come from https://github.com/isaac-sim/IsaacLab (still public on the capture date; compare ahead 13). A full standalone bundle was not stored because the fork is a 150192 KB copy of that upstream.
zeroth-robotics/bam-feetech,https://github.com/zeroth-robotics/bam-feetech,True,Rhoban/bam,main,61b4d0b0c09b98c02e69deafffb06da0d5ca3f28,2026-09-28T17:52:43Z,partial,upstream-pointer-no-unique-commits,0,n.a.,0,no,,,,"Fork has no commits that are absent from Rhoban/bam (compare status behind, behind 195). Upstream still hosted this history on the capture date. Restore with: git clone https://github.com/Rhoban/bam.git && git checkout 61b4d0b0c09b98c02e69deafffb06da0d5ca3f28"
zeroth-robotics/buildroot,https://github.com/zeroth-robotics/buildroot,True,milkv-duo/duo-buildroot-sdk,develop,f6eb2eaf4b147b5ca2b9b0c02b1448fd5fe3227c,2026-09-28T17:52:43Z,partial,delta-bundle-of-diverging-refs,12342674,n.a.,0,no,buildroot-2021.05/COPYING; buildroot-2021.05/docs/website/copyright.txt; freertos/Demo/Common/ethernet/lwip-1.4.0/COPYING; freertos/License/license.txt; freertos/Source/FreeRTOS-Plus-POSIX/LICENSE; freertos/Source/LICENSE.md; fsbl/lib/BigDigits/LICENSE.txt; fsbl/lib/libtomcrypt/LICENSE; fsbl/lib/libtommath/LICENSE; fsbl/lib/lz4/LICENSE; linux_5.10/COPYING; linux_5.10/Documentation/COPYING-logo,buildroot-2021.05/COPYING:unrecognized; buildroot-2021.05/docs/website/copyright.txt:unrecognized; freertos/Demo/Common/ethernet/lwip-1.4.0/COPYING:unrecognized; freertos/License/license.txt:MIT; freertos/Source/FreeRTOS-Plus-POSIX/LICENSE:MIT; freertos/Source/LICENSE.md:MIT; fsbl/lib/BigDigits/LICENSE.txt:MPL-2.0; fsbl/lib/libtomcrypt/LICENSE:unrecognized; fsbl/lib/libtommath/LICENSE:Unlicense; fsbl/lib/lz4/LICENSE:unrecognized; linux_5.10/COPYING:unrecognized; linux_5.10/Documentation/COPYING-logo:unrecognized,,Delta bundle contains this fork's diverging commits and tags. Prerequisite 8e970aa49decfddc6f7f5bd66d0e798ffcf712c4 must come from https://github.com/milkv-duo/duo-buildroot-sdk (still public on the capture date; compare ahead 74). A full standalone bundle was not stored because the fork is a 1120713 KB copy of that upstream.
kscalelabs/gym-stompy,https://github.com/kscalelabs/gym-stompy,True,huggingface/gym-aloha,main,5693ea1b6c27a963e7824505fecf189c00127813,2026-09-28T17:52:43Z,yes,git-bundle-all-refs,526417,n.a.,0,no,LICENSE,LICENSE:MIT,MIT,
kscalelabs/ManiSkill,https://github.com/kscalelabs/ManiSkill,True,mani-skill/ManiSkill,main,af1070692159460bb318303026fc36706914f888,2026-09-28T17:52:43Z,partial,delta-bundle-of-diverging-refs,60578,n.a.,0,no,LICENSE; mani_skill/assets/robots/allegro/LICENSE; mani_skill/assets/robots/dclaw/LICENSE,LICENSE:Apache-2.0; mani_skill/assets/robots/allegro/LICENSE:unrecognized; mani_skill/assets/robots/dclaw/LICENSE:Apache-2.0,Apache-2.0,Delta bundle contains this fork's diverging commits and tags. Prerequisite 999ec86a2f54e3dc93ef3fdc81355f9d134eb401 must come from https://github.com/mani-skill/ManiSkill (still public on the capture date; compare ahead 26). A full standalone bundle was not stored because the fork is a 300035 KB copy of that upstream.
kscalelabs/lerobot,https://github.com/kscalelabs/lerobot,True,huggingface/lerobot,main,26834cdfcb9c906563ee7743ecaff8d80f7815e1,2026-09-28T17:52:43Z,partial,delta-bundle-of-diverging-refs,65876,no,0,no,LICENSE,LICENSE:Apache-2.0,Apache-2.0,Delta bundle contains this fork's diverging commits and tags. Prerequisite 73b64c30896ecec681ce533ac9d327d2b128bf4c must come from https://github.com/huggingface/lerobot (still public on the capture date; compare ahead 20). A full standalone bundle was not stored because the fork is a 100351 KB copy of that upstream. | LFS pointer metadata says 3446911836 bytes across 838 objects. Blobs were not downloaded (third-party fork above the size cutoff). Pointer files remain in the bundle.
kscalelabs/loco-mujoco,https://github.com/kscalelabs/loco-mujoco,True,robfiras/loco-mujoco,master,50b5ccbbcb4969a00f91161ed23eefe6b4a97009,2026-09-28T17:52:43Z,partial,delta-bundle-of-diverging-refs,6073967,yes,110981120,no,LICENSE; loco_mujoco/models/anybotics_anymal_c/LICENSE; loco_mujoco/models/apptronik_apollo/LICENSE; loco_mujoco/models/bd_spot/LICENSE; loco_mujoco/models/booster_t1/LICENSE; loco_mujoco/models/fourier_gr1t2/LICENSE; loco_mujoco/models/talos/LICENSE; loco_mujoco/models/toddlerbot/LICENSE; loco_mujoco/models/unitree_h1_2/LICENSE,LICENSE:MIT; loco_mujoco/models/anybotics_anymal_c/LICENSE:unrecognized; loco_mujoco/models/apptronik_apollo/LICENSE:Apache-2.0; loco_mujoco/models/bd_spot/LICENSE:BSD-3-Clause; loco_mujoco/models/booster_t1/LICENSE:Apache-2.0; loco_mujoco/models/fourier_gr1t2/LICENSE:MIT; loco_mujoco/models/talos/LICENSE:Apache-2.0; loco_mujoco/models/toddlerbot/LICENSE:MIT; loco_mujoco/models/unitree_h1_2/LICENSE:BSD-3-Clause,MIT,Repo has .gitmodules. Submodule commits were not vendored; submodule URLs remain in the tree. | Delta bundle contains this fork's diverging commits and tags. Prerequisite cd2241e6e2c4d3f0b3d0e1e202c999a4ac782cf3 must come from https://github.com/robfiras/loco-mujoco (still public on the capture date; compare ahead 32). A full standalone bundle was not stored because the fork is a 173880 KB copy of that upstream.
kscalelabs/toddlerbot,https://github.com/kscalelabs/toddlerbot,True,hshi74/toddlerbot,main,805b2ab4acd58593da83fa92c96dc8619b68f8ea,2026-09-28T17:52:43Z,partial,upstream-pointer-no-unique-commits,0,n.a.,0,no,LICENSE,LICENSE:MIT,MIT,"Fork has no commits that are absent from hshi74/toddlerbot (compare status behind, behind 41). Upstream still hosted this history on the capture date. Restore with: git clone https://github.com/hshi74/toddlerbot.git && git checkout 805b2ab4acd58593da83fa92c96dc8619b68f8ea"
kscalelabs/robot-web-viewer,https://github.com/kscalelabs/robot-web-viewer,True,vrtnis/robot-web-viewer,main,aa9d1b24b5adf9a869e26bd0c654015cef82476b,2026-09-28T17:52:43Z,partial,upstream-pointer-no-unique-commits,0,n.a.,0,no,LICENSE,LICENSE:Apache-2.0,Apache-2.0,"Fork has no commits that are absent from vrtnis/robot-web-viewer (compare status identical, behind 0). Upstream still hosted this history on the capture date. Restore with: git clone https://github.com/vrtnis/robot-web-viewer.git && git checkout aa9d1b24b5adf9a869e26bd0c654015cef82476b"
kscalelabs/skrl,https://github.com/kscalelabs/skrl,True,Toni-SM/skrl,main,90adbbc1593ebb7ea5f98f39bd22f7e88d1198b2,2026-09-28T17:52:43Z,partial,upstream-pointer-no-unique-commits,0,n.a.,0,no,LICENSE,LICENSE:MIT,MIT,"Fork has no commits that are absent from Toni-SM/skrl (compare status behind, behind 65). Upstream still hosted this history on the capture date. Restore with: git clone https://github.com/Toni-SM/skrl.git && git checkout 90adbbc1593ebb7ea5f98f39bd22f7e88d1198b2"
kscalelabs/zbot-joystick,https://github.com/kscalelabs/zbot-joystick,True,kscalelabs/zbot-policy-walking,master,e948f03765e3d266222c638f5894d5e3509c2047,2026-09-28T17:52:43Z,yes,contained-in-archived-parent,0,n.a.,0,no,LICENSE,LICENSE:MIT,MIT,"Every branch and tag commit is already in kscalelabs/zbot-policy-walking, which is fully bundled in this archive. Fork tip e948f03765e3d266222c638f5894d5e3509c2047 is recorded here; clone the parent bundle and check it out."
kscalelabs/zbot-web-frontend,https://github.com/kscalelabs/zbot-web-frontend,True,zeroth-robotics/zeroth-frontend,master,6e98f70dfa57f3ef2c589075b07b39ed4548fedd,2026-09-28T17:52:43Z,yes,delta-bundle-of-diverging-refs,109772307,n.a.,0,no,LICENSE,LICENSE:MIT,MIT,"Delta bundle contains commits not reachable from 3f405e6b34f7421dc3ed3465845d15ab10477791. That base is in zeroth-robotics/zeroth-frontend, which is fully bundled in this archive, so the fork history is recoverable here."
kscalelabs/mujoco_menagerie,https://github.com/kscalelabs/mujoco_menagerie,True,google-deepmind/mujoco_menagerie,main,7f0684e0d2f6c9d75174d1a51e4924b7519119f9,2026-09-28T17:52:43Z,partial,upstream-pointer-no-unique-commits,0,n.a.,0,no,LICENSE,LICENSE:Apache-2.0+MIT,NOASSERTION,"Fork has no commits that are absent from google-deepmind/mujoco_menagerie (compare status behind, behind 108). Upstream still hosted this history on the capture date. Restore with: git clone https://github.com/google-deepmind/mujoco_menagerie.git && git checkout 7f0684e0d2f6c9d75174d1a51e4924b7519119f9"
kscalelabs/HoST,https://github.com/kscalelabs/HoST,True,InternRobotics/HoST,main,dafe2dd48025e35c513db65623a156ca1e37bddd,2026-09-28T17:52:43Z,partial,delta-bundle-of-diverging-refs,22660,n.a.,0,no,LICENSE; legged_gym/legged_gym/LICENSE,LICENSE:MIT; legged_gym/legged_gym/LICENSE:unrecognized,MIT,Delta bundle contains this fork's diverging commits and tags. Prerequisite 70bb580949a336a920833700e4b5dc3bf7fe87ce must come from https://github.com/InternRobotics/HoST (still public on the capture date; compare ahead 1). A full standalone bundle was not stored because the fork is a 235851 KB copy of that upstream.
kscalelabs/buildroot,https://github.com/kscalelabs/buildroot,True,buildroot/buildroot,master,139e47861724cfdd82f4e77396e34c43f7f4825f,2026-09-28T17:52:43Z,partial,upstream-pointer-no-unique-commits,0,n.a.,0,no,COPYING,COPYING:unrecognized,NOASSERTION,"Fork has no commits that are absent from buildroot/buildroot (compare status behind, behind 11043). Upstream still hosted this history on the capture date. Restore with: git clone https://github.com/buildroot/buildroot.git && git checkout 139e47861724cfdd82f4e77396e34c43f7f4825f"
kscalelabs/Genesis,https://github.com/kscalelabs/Genesis,True,Genesis-Embodied-AI/genesis-world,main,a4e6119eabc7e7c8f82821bf3b0beda344839c1b,2026-09-28T17:52:43Z,partial,delta-bundle-of-diverging-refs,7145814,n.a.,0,no,LICENSE; genesis/assets/urdf/panda_bullet/LICENSE.txt; genesis/assets/xml/franka_sim/LICENSE; genesis/assets/xml/universal_robots_ur5e/LICENSE,LICENSE:Apache-2.0; genesis/assets/urdf/panda_bullet/LICENSE.txt:Apache-2.0; genesis/assets/xml/franka_sim/LICENSE:Apache-2.0; genesis/assets/xml/universal_robots_ur5e/LICENSE:unrecognized,Apache-2.0,Repo has .gitmodules. Submodule commits were not vendored; submodule URLs remain in the tree. | Delta bundle contains this fork's diverging commits and tags. Prerequisite cadeef4087f5335c5eae6d1dc607f918e78a0441 must come from https://github.com/Genesis-Embodied-AI/genesis-world (still public on the capture date; compare ahead 2). A full standalone bundle was not stored because the fork is a 92457 KB copy of that upstream.
kscalelabs/tonic-milkv,https://github.com/kscalelabs/tonic-milkv,True,hatomist/tonic-milkv,master,8aa1c2914c49ad15c5b91b1a66f965defdcea2af,2026-09-28T17:52:43Z,partial,upstream-pointer-no-unique-commits,0,n.a.,0,no,LICENSE,LICENSE:MIT,MIT,"Fork has no commits that are absent from hatomist/tonic-milkv (compare status identical, behind 0). Upstream still hosted this history on the capture date. Restore with: git clone https://github.com/hatomist/tonic-milkv.git && git checkout 8aa1c2914c49ad15c5b91b1a66f965defdcea2af"
kscalelabs/kbot-unit-tests,https://github.com/kscalelabs/kbot-unit-tests,True,kscalelabs/zbot-unit-tests,master,aa1ecdcf57ae0de823718bce5135322578ecab1b,2026-09-28T17:52:43Z,yes,contained-in-archived-parent,0,yes,0,no,LICENSE,LICENSE:MIT,MIT,"Every branch and tag commit is already in kscalelabs/zbot-unit-tests, which is fully bundled in this archive. Fork tip aa1ecdcf57ae0de823718bce5135322578ecab1b is recorded here; clone the parent bundle and check it out. | LFS objects are archived with kscalelabs/zbot-unit-tests, which has the same commits as this fork."
kscalelabs/mujoco_playground_fork,https://github.com/kscalelabs/mujoco_playground_fork,True,google-deepmind/mujoco_playground,main,60cf8430011da531e08ce95a6ea48a56e5fbad7c,2026-09-28T17:52:43Z,partial,upstream-pointer-no-unique-commits,0,n.a.,0,no,LICENSE,LICENSE:Apache-2.0,Apache-2.0,"Fork has no commits that are absent from google-deepmind/mujoco_playground (compare status behind, behind 111). Upstream still hosted this history on the capture date. Restore with: git clone https://github.com/google-deepmind/mujoco_playground.git && git checkout 60cf8430011da531e08ce95a6ea48a56e5fbad7c"
kscalelabs/HOVER,https://github.com/kscalelabs/HOVER,True,NVlabs/HOVER,main,8088f6cfb42a8f307dc614735197796a86ce8490,2026-09-28T17:52:43Z,partial,upstream-pointer-no-unique-commits,0,no,0,no,LICENCE,LICENCE:Apache-2.0,Apache-2.0,"Fork has no commits that are absent from NVlabs/HOVER (compare status identical, behind 0). Upstream still hosted this history on the capture date. Restore with: git clone https://github.com/NVlabs/HOVER.git && git checkout 8088f6cfb42a8f307dc614735197796a86ce8490 | Third-party fork uses Git LFS. Blobs were not mirrored because this fork adds no commits of its own. Upstream still hosts the LFS objects."
kscalelabs/meta-meson,https://github.com/kscalelabs/meta-meson,True,superna9999/meta-meson,master,4650619c762a1e65c210c8bd877b65baf2227812,2026-09-28T17:52:43Z,partial,upstream-pointer-no-unique-commits,0,n.a.,0,no,COPYING.MIT,COPYING.MIT:MIT,MIT,"Fork has no commits that are absent from superna9999/meta-meson (compare status behind, behind 1). Upstream still hosted this history on the capture date. Restore with: git clone https://github.com/superna9999/meta-meson.git && git checkout 4650619c762a1e65c210c8bd877b65baf2227812"
kscalelabs/rsl_rl,https://github.com/kscalelabs/rsl_rl,True,leggedrobotics/rsl_rl,master,73fd7c621bf63104a8a7eb0c168df16c0ee65908,2026-09-28T17:52:43Z,partial,upstream-pointer-no-unique-commits,0,n.a.,0,no,LICENSE,LICENSE:unrecognized,NOASSERTION,"Fork has no commits that are absent from leggedrobotics/rsl_rl (compare status behind, behind 134). Upstream still hosted this history on the capture date. Restore with: git clone https://github.com/leggedrobotics/rsl_rl.git && git checkout 73fd7c621bf63104a8a7eb0c168df16c0ee65908"
